Currency,Rate,Date,,,,
AUD,1.795600000,01/1/2010,,,,
AUD,1.527400000,01/1/2011,,,,
AUD,1.515900000,01/1/2012,,,,
AUD,1.565700000,01/1/2013,,,,
AUD,1.851300000,01/1/2014,,,,
AUD,1.905400000,01/1/2015,,,,
AUD,2.025900000,01/1/2016,,,,
AUD,1.706500000,01/1/2017,,,,
AUD,1.812200000,01/10/2009,,,,
AUD,1.627500000,01/10/2010,,,,
AUD,1.602900000,01/10/2011,,,,
AUD,1.552900000,01/10/2012,,,,
AUD,1.731900000,01/10/2013,,,,
AUD,1.852600000,01/10/2014,,,,
AUD,2.157000000,01/10/2015,,,,
AUD,1.697500000,01/10/2016,,,,
AUD,1.824200000,01/11/2009,,,,
AUD,1.631100000,01/11/2010,,,,
AUD,1.521400000,01/11/2011,,,,
AUD,1.553700000,01/11/2012,,,,
AUD,1.696600000,01/11/2013,,,,
AUD,1.820100000,01/11/2014,,,,
AUD,2.164700000,01/11/2015,,,,
AUD,1.604400000,01/11/2016,,,,
AUD,1.792900000,01/12/2009,,,,
AUD,1.623900000,01/12/2010,,,,
AUD,1.531000000,01/12/2011,,,,
AUD,1.536200000,01/12/2012,,,,
AUD,1.792500000,01/12/2013,,,,
AUD,1.834900000,01/12/2014,,,,
AUD,2.077400000,01/12/2015,,,,
AUD,1.691000000,01/12/2016,,,,
AUD,1.802800000,01/2/2010,,,,
AUD,1.606600000,01/2/2011,,,,
AUD,1.484900000,01/2/2012,,,,
AUD,1.520000000,01/2/2013,,,,
AUD,1.883600000,01/2/2014,,,,
AUD,1.936200000,01/2/2015,,,,
AUD,2.005400000,01/2/2016,,,,
AUD,1.657200000,01/2/2017,,,,
AUD,2.063000000,01/3/2009,,,,
AUD,1.700100000,01/3/2010,,,,
AUD,1.652700000,01/3/2010,,,,
AUD,1.597300000,01/3/2011,,,,
AUD,1.550000000,01/3/2011,,,,
AUD,1.478500000,01/3/2012,,,,
AUD,1.542300000,01/3/2012,,,,
AUD,1.482700000,01/3/2013,,,,
AUD,1.456500000,01/3/2013,,,,
AUD,1.872800000,01/3/2014,,,,
AUD,1.798800000,01/3/2014,,,,
AUD,1.974800000,01/3/2015,,,,
AUD,1.943200000,01/3/2015,,,,
AUD,1.951100000,01/3/2016,,,,
AUD,1.868400000,01/3/2016,,,,
AUD,2.063000000,01/4/2009,,,,
AUD,1.652700000,01/4/2010,,,,
AUD,1.550000000,01/4/2011,,,,
AUD,1.542300000,01/4/2012,,,,
AUD,1.456500000,01/4/2013,,,,
AUD,1.798800000,01/4/2014,,,,
AUD,1.943200000,01/4/2015,,,,
AUD,1.868400000,01/4/2016,,,,
AUD,2.016900000,01/5/2009,,,,
AUD,1.644400000,01/5/2010,,,,
AUD,1.524200000,01/5/2011,,,,
AUD,1.559800000,01/5/2012,,,,
AUD,1.499400000,01/5/2013,,,,
AUD,1.822400000,01/5/2014,,,,
AUD,1.948300000,01/5/2015,,,,
AUD,1.919500000,01/5/2016,,,,
AUD,2.014600000,01/6/2009,,,,
AUD,1.732300000,01/6/2010,,,,
AUD,1.544700000,01/6/2011,,,,
AUD,1.586900000,01/6/2012,,,,
AUD,1.581400000,01/6/2013,,,,
AUD,1.802300000,01/6/2014,,,,
AUD,1.993500000,01/6/2015,,,,
AUD,2.009100000,01/6/2016,,,,
AUD,2.037100000,01/7/2009,,,,
AUD,1.771300000,01/7/2010,,,,
AUD,1.499600000,01/7/2011,,,,
AUD,1.530100000,01/7/2012,,,,
AUD,1.657000000,01/7/2013,,,,
AUD,1.811600000,01/7/2014,,,,
AUD,2.046200000,01/7/2015,,,,
AUD,1.795300000,01/7/2016,,,,
AUD,1.994200000,01/8/2009,,,,
AUD,1.730000000,01/8/2010,,,,
AUD,1.494400000,01/8/2011,,,,
AUD,1.488900000,01/8/2012,,,,
AUD,1.689300000,01/8/2013,,,,
AUD,1.816000000,01/8/2014,,,,
AUD,2.125000000,01/8/2015,,,,
AUD,1.746900000,01/8/2016,,,,
AUD,1.933200000,01/9/2009,,,,
AUD,1.726800000,01/9/2010,,,,
AUD,1.520400000,01/9/2011,,,,
AUD,1.537000000,01/9/2012,,,,
AUD,1.736800000,01/9/2013,,,,
AUD,1.775700000,01/9/2014,,,,
AUD,2.146700000,01/9/2015,,,,
AUD,1.742700000,01/9/2016,,,,
BDT,111.845000000,01/1/2010,,,,
BDT,110.339000000,01/1/2011,,,,
BDT,127.172000000,01/1/2012,,,,
BDT,129.674000000,01/1/2013,,,,
BDT,128.633000000,01/1/2014,,,,
BDT,121.505000000,01/1/2015,,,,
BDT,115.664700000,01/1/2016,,,,
BDT,97.122200000,01/1/2017,,,,
BDT,110.459000000,01/10/2009,,,,
BDT,109.400000000,01/10/2010,,,,
BDT,117.186000000,01/10/2011,,,,
BDT,131.832000000,01/10/2012,,,,
BDT,125.771000000,01/10/2013,,,,
BDT,125.437000000,01/10/2014,,,,
BDT,117.810600000,01/10/2015,,,,
BDT,101.809500000,01/10/2016,,,,
BDT,113.827000000,01/11/2009,,,,
BDT,113.075000000,01/11/2010,,,,
BDT,122.986000000,01/11/2011,,,,
BDT,130.858000000,01/11/2012,,,,
BDT,124.841000000,01/11/2013,,,,
BDT,123.804000000,01/11/2014,,,,
BDT,120.177600000,01/11/2015,,,,
BDT,95.852600000,01/11/2016,,,,
BDT,113.302000000,01/12/2009,,,,
BDT,109.676000000,01/12/2010,,,,
BDT,120.885000000,01/12/2011,,,,
BDT,130.344000000,01/12/2012,,,,
BDT,127.236000000,01/12/2013,,,,
BDT,121.486000000,01/12/2014,,,,
BDT,118.888500000,01/12/2015,,,,
BDT,99.202900000,01/12/2016,,,,
BDT,110.830000000,01/2/2010,,,,
BDT,113.949000000,01/2/2011,,,,
BDT,133.290000000,01/2/2012,,,,
BDT,125.655000000,01/2/2013,,,,
BDT,127.655000000,01/2/2014,,,,
BDT,116.536000000,01/2/2015,,,,
BDT,111.288400000,01/2/2016,,,,
BDT,100.018900000,01/2/2017,,,,
BDT,98.951300000,01/3/2009,,,,
BDT,105.396000000,01/3/2010,,,,
BDT,105.030000000,01/3/2010,,,,
BDT,115.921000000,01/3/2011,,,,
BDT,116.254000000,01/3/2011,,,,
BDT,130.631000000,01/3/2012,,,,
BDT,130.680000000,01/3/2012,,,,
BDT,119.690000000,01/3/2013,,,,
BDT,118.553000000,01/3/2013,,,,
BDT,130.239000000,01/3/2014,,,,
BDT,129.371000000,01/3/2014,,,,
BDT,120.061000000,01/3/2015,,,,
BDT,115.501100000,01/3/2015,,,,
BDT,109.348200000,01/3/2016,,,,
BDT,112.619500000,01/3/2016,,,,
BDT,98.951300000,01/4/2009,,,,
BDT,105.030000000,01/4/2010,,,,
BDT,116.254000000,01/4/2011,,,,
BDT,130.680000000,01/4/2012,,,,
BDT,118.553000000,01/4/2013,,,,
BDT,129.371000000,01/4/2014,,,,
BDT,115.501100000,01/4/2015,,,,
BDT,112.619500000,01/4/2016,,,,
BDT,102.281000000,01/5/2009,,,,
BDT,106.020000000,01/5/2010,,,,
BDT,121.602000000,01/5/2011,,,,
BDT,132.953000000,01/5/2012,,,,
BDT,121.314000000,01/5/2013,,,,
BDT,131.032000000,01/5/2014,,,,
BDT,119.575200000,01/5/2015,,,,
BDT,114.811600000,01/5/2016,,,,
BDT,111.322000000,01/6/2009,,,,
BDT,100.762000000,01/6/2010,,,,
BDT,121.109000000,01/6/2011,,,,
BDT,126.018000000,01/6/2012,,,,
BDT,117.884000000,01/6/2013,,,,
BDT,129.869000000,01/6/2014,,,,
BDT,118.680700000,01/6/2015,,,,
BDT,114.074700000,01/6/2016,,,,
BDT,113.699000000,01/7/2009,,,,
BDT,103.986000000,01/7/2010,,,,
BDT,119.157000000,01/7/2011,,,,
BDT,128.323000000,01/7/2012,,,,
BDT,117.931000000,01/7/2013,,,,
BDT,132.684000000,01/7/2014,,,,
BDT,122.316600000,01/7/2015,,,,
BDT,104.771000000,01/7/2016,,,,
BDT,114.483000000,01/8/2009,,,,
BDT,108.727000000,01/8/2010,,,,
BDT,122.628000000,01/8/2011,,,,
BDT,128.000000000,01/8/2012,,,,
BDT,117.888000000,01/8/2013,,,,
BDT,130.793000000,01/8/2014,,,,
BDT,121.367900000,01/8/2015,,,,
BDT,104.198200000,01/8/2016,,,,
BDT,112.546000000,01/9/2009,,,,
BDT,106.699000000,01/9/2010,,,,
BDT,120.246000000,01/9/2011,,,,
BDT,129.784000000,01/9/2012,,,,
BDT,120.217000000,01/9/2013,,,,
BDT,128.575000000,01/9/2014,,,,
BDT,119.411400000,01/9/2015,,,,
BDT,102.720300000,01/9/2016,,,,
CAD,1.759800000,01/1/2014,,,,
CAD,1.806000000,01/1/2015,,,,
CAD,2.047400000,01/1/2016,,,,
CAD,1.647600000,01/1/2017,,,,
CAD,1.811700000,01/10/2014,,,,
CAD,2.030800000,01/10/2015,,,,
CAD,1.713600000,01/10/2016,,,,
CAD,1.803800000,01/11/2014,,,,
CAD,2.020600000,01/11/2015,,,,
CAD,1.641000000,01/11/2016,,,,
CAD,1.785700000,01/12/2014,,,,
CAD,2.004500000,01/12/2015,,,,
CAD,1.686800000,01/12/2016,,,,
CAD,1.832400000,01/2/2014,,,,
CAD,1.917900000,01/2/2015,,,,
CAD,1.996200000,01/2/2016,,,,
CAD,1.659100000,01/2/2017,,,,
CAD,1.855100000,01/3/2014,,,,
CAD,1.840100000,01/3/2014,,,,
CAD,1.929900000,01/3/2015,,,,
CAD,1.880100000,01/3/2015,,,,
CAD,1.887800000,01/3/2016,,,,
CAD,1.859100000,01/3/2016,,,,
CAD,1.840100000,01/4/2014,,,,
CAD,1.880100000,01/4/2015,,,,
CAD,1.859100000,01/4/2016,,,,
CAD,1.853100000,01/5/2014,,,,
CAD,1.861400000,01/5/2015,,,,
CAD,1.834900000,01/5/2016,,,,
CAD,1.821400000,01/6/2014,,,,
CAD,1.904800000,01/6/2015,,,,
CAD,1.903900000,01/6/2016,,,,
CAD,1.821300000,01/7/2014,,,,
CAD,1.963400000,01/7/2015,,,,
CAD,1.753000000,01/7/2016,,,,
CAD,1.838000000,01/8/2014,,,,
CAD,2.030100000,01/8/2015,,,,
CAD,1.739100000,01/8/2016,,,,
CAD,1.801500000,01/9/2014,,,,
CAD,2.030600000,01/9/2015,,,,
CAD,1.713600000,01/9/2016,,,,
CHF,1.459300000,01/1/2011,,,,
CHF,1.453200000,01/1/2012,,,,
CHF,1.487900000,01/1/2013,,,,
CHF,1.473000000,01/1/2014,,,,
CHF,1.559300000,01/1/2015,,,,
CHF,1.475400000,01/1/2016,,,,
CHF,1.255900000,01/1/2017,,,,
CHF,1.539500000,01/10/2010,,,,
CHF,1.415000000,01/10/2011,,,,
CHF,1.517600000,01/10/2012,,,,
CHF,1.464400000,01/10/2013,,,,
CHF,1.549000000,01/10/2014,,,,
CHF,1.480100000,01/10/2015,,,,
CHF,1.259300000,01/10/2016,,,,
CHF,1.572500000,01/11/2010,,,,
CHF,1.405500000,01/11/2011,,,,
CHF,1.500200000,01/11/2012,,,,
CHF,1.454800000,01/11/2013,,,,
CHF,1.539800000,01/11/2014,,,,
CHF,1.522400000,01/11/2015,,,,
CHF,1.207300000,01/11/2016,,,,
CHF,1.552200000,01/12/2010,,,,
CHF,1.431500000,01/12/2011,,,,
CHF,1.484700000,01/12/2012,,,,
CHF,1.480200000,01/12/2013,,,,
CHF,1.508900000,01/12/2014,,,,
CHF,1.547400000,01/12/2015,,,,
CHF,1.272700000,01/12/2016,,,,
CHF,1.505100000,01/2/2011,,,,
CHF,1.451200000,01/2/2012,,,,
CHF,1.443600000,01/2/2013,,,,
CHF,1.488400000,01/2/2014,,,,
CHF,1.387000000,01/2/2015,,,,
CHF,1.453500000,01/2/2016,,,,
CHF,1.241200000,01/2/2017,,,,
CHF,1.511700000,01/3/2011,,,,
CHF,1.466500000,01/3/2011,,,,
CHF,1.439100000,01/3/2012,,,,
CHF,1.444200000,01/3/2012,,,,
CHF,1.416600000,01/3/2013,,,,
CHF,1.437900000,01/3/2013,,,,
CHF,1.476100000,01/3/2014,,,,
CHF,1.472700000,01/3/2014,,,,
CHF,1.470700000,01/3/2015,,,,
CHF,1.441900000,01/3/2015,,,,
CHF,1.388000000,01/3/2016,,,,
CHF,1.376400000,01/3/2016,,,,
CHF,1.466500000,01/4/2011,,,,
CHF,1.444200000,01/4/2012,,,,
CHF,1.437900000,01/4/2013,,,,
CHF,1.472700000,01/4/2014,,,,
CHF,1.441900000,01/4/2015,,,,
CHF,1.376400000,01/4/2016,,,,
CHF,1.444860000,01/5/2011,,,,
CHF,1.473900000,01/5/2012,,,,
CHF,1.445800000,01/5/2013,,,,
CHF,1.486700000,01/5/2014,,,,
CHF,1.439800000,01/5/2015,,,,
CHF,1.404100000,01/5/2016,,,,
CHF,1.403900000,01/6/2011,,,,
CHF,1.495700000,01/6/2012,,,,
CHF,1.454900000,01/6/2013,,,,
CHF,1.499500000,01/6/2014,,,,
CHF,1.439500000,01/6/2015,,,,
CHF,1.447100000,01/6/2016,,,,
CHF,1.613400000,01/7/2010,,,,
CHF,1.351800000,01/7/2011,,,,
CHF,1.484600000,01/7/2012,,,,
CHF,1.435100000,01/7/2013,,,,
CHF,1.516300000,01/7/2014,,,,
CHF,1.469800000,01/7/2015,,,,
CHF,1.302300000,01/7/2016,,,,
CHF,1.638600000,01/8/2010,,,,
CHF,1.293900000,01/8/2011,,,,
CHF,1.528400000,01/8/2012,,,,
CHF,1.408700000,01/8/2013,,,,
CHF,1.535200000,01/8/2014,,,,
CHF,1.499800000,01/8/2015,,,,
CHF,1.283200000,01/8/2016,,,,
CHF,1.558400000,01/9/2010,,,,
CHF,1.313100000,01/9/2011,,,,
CHF,1.513200000,01/9/2012,,,,
CHF,1.442300000,01/9/2013,,,,
CHF,1.521000000,01/9/2014,,,,
CHF,1.474800000,01/9/2015,,,,
CHF,1.286900000,01/9/2016,,,,
ETB,20.513300000,01/1/2010,,,,
ETB,26.034100000,01/1/2011,,,,
ETB,26.876700000,01/1/2012,,,,
ETB,29.706400000,01/1/2013,,,,
ETB,31.711500000,01/1/2014,,,,
ETB,31.500800000,01/1/2015,,,,
ETB,31.221700000,01/1/2016,,,,
ETB,27.821900000,01/1/2017,,,,
ETB,20.150100000,01/10/2009,,,,
ETB,25.954700000,01/10/2010,,,,
ETB,26.742200000,01/10/2011,,,,
ETB,29.152500000,01/10/2012,,,,
ETB,30.639100000,01/10/2013,,,,
ETB,32.378400000,01/10/2014,,,,
ETB,31.691800000,01/10/2015,,,,
ETB,28.811900000,01/10/2016,,,,
ETB,20.813600000,01/11/2009,,,,
ETB,26.405400000,01/11/2010,,,,
ETB,27.780400000,01/11/2011,,,,
ETB,29.199900000,01/11/2012,,,,
ETB,30.503800000,01/11/2013,,,,
ETB,32.081000000,01/11/2014,,,,
ETB,32.448600000,01/11/2015,,,,
ETB,27.165000000,01/11/2016,,,,
ETB,20.763200000,01/12/2009,,,,
ETB,25.806100000,01/12/2010,,,,
ETB,27.139600000,01/12/2011,,,,
ETB,29.170600000,01/12/2012,,,,
ETB,31.237700000,01/12/2013,,,,
ETB,31.513700000,01/12/2014,,,,
ETB,31.748300000,01/12/2015,,,,
ETB,27.911700000,01/12/2016,,,,
ETB,20.410200000,01/2/2010,,,,
ETB,26.723500000,01/2/2011,,,,
ETB,27.402200000,01/2/2012,,,,
ETB,29.093400000,01/2/2013,,,,
ETB,31.586400000,01/2/2014,,,,
ETB,30.207300000,01/2/2015,,,,
ETB,30.156600000,01/2/2016,,,,
ETB,28.445600000,01/2/2017,,,,
ETB,16.001400000,01/3/2009,,,,
ETB,20.422600000,01/3/2010,,,,
ETB,20.429200000,01/3/2010,,,,
ETB,27.224300000,01/3/2011,,,,
ETB,26.936200000,01/3/2011,,,,
ETB,27.831200000,01/3/2012,,,,
ETB,27.924100000,01/3/2012,,,,
ETB,27.964400000,01/3/2013,,,,
ETB,28.086500000,01/3/2013,,,,
ETB,32.370000000,01/3/2014,,,,
ETB,32.290200000,01/3/2014,,,,
ETB,31.265200000,01/3/2015,,,,
ETB,30.329700000,01/3/2015,,,,
ETB,29.717000000,01/3/2016,,,,
ETB,30.851600000,01/3/2016,,,,
ETB,16.001400000,01/4/2009,,,,
ETB,20.429200000,01/4/2010,,,,
ETB,26.936200000,01/4/2011,,,,
ETB,27.924100000,01/4/2012,,,,
ETB,28.086500000,01/4/2013,,,,
ETB,32.290200000,01/4/2014,,,,
ETB,30.329700000,01/4/2015,,,,
ETB,30.851600000,01/4/2016,,,,
ETB,16.633400000,01/5/2009,,,,
ETB,20.684700000,01/5/2010,,,,
ETB,28.123700000,01/5/2011,,,,
ETB,28.518700000,01/5/2012,,,,
ETB,28.926300000,01/5/2013,,,,
ETB,32.882000000,01/5/2014,,,,
ETB,31.520500000,01/5/2015,,,,
ETB,31.562000000,01/5/2016,,,,
ETB,18.194000000,01/6/2009,,,,
ETB,19.691500000,01/6/2010,,,,
ETB,27.782400000,01/6/2011,,,,
ETB,27.229000000,01/6/2012,,,,
ETB,28.299900000,01/6/2013,,,,
ETB,32.813200000,01/6/2014,,,,
ETB,31.404800000,01/6/2015,,,,
ETB,31.584300000,01/6/2016,,,,
ETB,18.698400000,01/7/2009,,,,
ETB,20.346600000,01/7/2010,,,,
ETB,27.276200000,01/7/2011,,,,
ETB,27.948500000,01/7/2012,,,,
ETB,28.416600000,01/7/2013,,,,
ETB,33.560700000,01/7/2014,,,,
ETB,32.506100000,01/7/2015,,,,
ETB,29.275700000,01/7/2016,,,,
ETB,20.777100000,01/8/2009,,,,
ETB,21.370600000,01/8/2010,,,,
ETB,27.982300000,01/8/2011,,,,
ETB,28.088600000,01/8/2012,,,,
ETB,28.503400000,01/8/2013,,,,
ETB,33.382000000,01/8/2014,,,,
ETB,32.391300000,01/8/2015,,,,
ETB,29.329000000,01/8/2016,,,,
ETB,20.481700000,01/9/2009,,,,
ETB,21.050300000,01/9/2010,,,,
ETB,27.866200000,01/9/2011,,,,
ETB,28.585200000,01/9/2012,,,,
ETB,29.180000000,01/9/2013,,,,
ETB,33.005800000,01/9/2014,,,,
ETB,31.992700000,01/9/2015,,,,
ETB,28.983800000,01/9/2016,,,,
EUR,1.125500000,01/1/2010,,,,
EUR,1.167100000,01/1/2011,,,,
EUR,1.197200000,01/1/2012,,,,
EUR,1.233000000,01/1/2013,,,,
EUR,1.202000000,01/1/2014,,,,
EUR,1.288600000,01/1/2015,,,,
EUR,1.356800000,01/1/2016,,,,
EUR,1.171500000,01/1/2017,,,,
EUR,1.094200000,01/10/2009,,,,
EUR,1.154300000,01/10/2010,,,,
EUR,1.161100000,01/10/2011,,,,
EUR,1.255200000,01/10/2012,,,,
EUR,1.196300000,01/10/2013,,,,
EUR,1.283400000,01/10/2014,,,,
EUR,1.375000000,01/10/2015,,,,
EUR,1.155900000,01/10/2016,,,,
EUR,1.117200000,01/11/2009,,,,
EUR,1.150300000,01/11/2010,,,,
EUR,1.157200000,01/11/2011,,,,
EUR,1.243300000,01/11/2012,,,,
EUR,1.181800000,01/11/2013,,,,
EUR,1.276900000,01/11/2014,,,,
EUR,1.398100000,01/11/2015,,,,
EUR,1.113800000,01/11/2016,,,,
EUR,1.093100000,01/12/2009,,,,
EUR,1.196400000,01/12/2010,,,,
EUR,1.168400000,01/12/2011,,,,
EUR,1.232300000,01/12/2012,,,,
EUR,1.203100000,01/12/2013,,,,
EUR,1.256300000,01/12/2014,,,,
EUR,1.425300000,01/12/2015,,,,
EUR,1.177800000,01/12/2016,,,,
EUR,1.152900000,01/2/2010,,,,
EUR,1.168400000,01/2/2011,,,,
EUR,1.205500000,01/2/2012,,,,
EUR,1.168000000,01/2/2013,,,,
EUR,1.218700000,01/2/2014,,,,
EUR,1.335200000,01/2/2015,,,,
EUR,1.310900000,01/2/2016,,,,
EUR,1.164200000,01/2/2017,,,,
EUR,1.079600000,01/3/2009,,,,
EUR,1.115600000,01/3/2010,,,,
EUR,1.121100000,01/3/2010,,,,
EUR,1.177600000,01/3/2011,,,,
EUR,1.129600000,01/3/2011,,,,
EUR,1.194200000,01/3/2012,,,,
EUR,1.199800000,01/3/2012,,,,
EUR,1.161100000,01/3/2013,,,,
EUR,1.182500000,01/3/2013,,,,
EUR,1.213400000,01/3/2014,,,,
EUR,1.209600000,01/3/2014,,,,
EUR,1.378800000,01/3/2015,,,,
EUR,1.382200000,01/3/2015,,,,
EUR,1.282600000,01/3/2016,,,,
EUR,1.261300000,01/3/2016,,,,
EUR,1.079600000,01/4/2009,,,,
EUR,1.121100000,01/4/2010,,,,
EUR,1.129600000,01/4/2011,,,,
EUR,1.199800000,01/4/2012,,,,
EUR,1.182500000,01/4/2013,,,,
EUR,1.209600000,01/4/2014,,,,
EUR,1.382200000,01/4/2015,,,,
EUR,1.261300000,01/4/2016,,,,
EUR,1.118300000,01/5/2009,,,,
EUR,1.151200000,01/5/2010,,,,
EUR,1.124300000,01/5/2011,,,,
EUR,1.226900000,01/5/2012,,,,
EUR,1.180600000,01/5/2013,,,,
EUR,1.217800000,01/5/2014,,,,
EUR,1.371400000,01/5/2015,,,,
EUR,1.279000000,01/5/2016,,,,
EUR,1.139200000,01/6/2009,,,,
EUR,1.184100000,01/6/2010,,,,
EUR,1.145000000,01/6/2011,,,,
EUR,1.244900000,01/6/2012,,,,
EUR,1.169900000,01/6/2013,,,,
EUR,1.229300000,01/6/2014,,,,
EUR,1.391800000,01/6/2015,,,,
EUR,1.307400000,01/6/2016,,,,
EUR,1.174100000,01/7/2009,,,,
EUR,1.221400000,01/7/2010,,,,
EUR,1.107300000,01/7/2011,,,,
EUR,1.236000000,01/7/2012,,,,
EUR,1.166800000,01/7/2013,,,,
EUR,1.248900000,01/7/2014,,,,
EUR,1.411500000,01/7/2015,,,,
EUR,1.203300000,01/7/2016,,,,
EUR,1.169400000,01/8/2009,,,,
EUR,1.202100000,01/8/2010,,,,
EUR,1.142300000,01/8/2011,,,,
EUR,1.272200000,01/8/2012,,,,
EUR,1.141800000,01/8/2013,,,,
EUR,1.261900000,01/8/2014,,,,
EUR,1.412400000,01/8/2015,,,,
EUR,1.187300000,01/8/2016,,,,
EUR,1.135800000,01/9/2009,,,,
EUR,1.209300000,01/9/2010,,,,
EUR,1.130900000,01/9/2011,,,,
EUR,1.260100000,01/9/2012,,,,
EUR,1.173200000,01/9/2013,,,,
EUR,1.260800000,01/9/2014,,,,
EUR,1.368200000,01/9/2015,,,,
EUR,1.175900000,01/9/2016,,,,
GHS,2.312100000,01/1/2010,,,,
GHS,2.326600000,01/1/2011,,,,
GHS,2.548000000,01/1/2012,,,,
GHS,3.095800000,01/1/2013,,,,
GHS,3.917100000,01/1/2014,,,,
GHS,5.013000000,01/1/2015,,,,
GHS,5.615600000,01/1/2016,,,,
GHS,5.276200000,01/1/2017,,,,
GHS,2.317500000,01/10/2009,,,,
GHS,2.245600000,01/10/2010,,,,
GHS,2.496400000,01/10/2011,,,,
GHS,3.063100000,01/10/2012,,,,
GHS,3.530300000,01/10/2013,,,,
GHS,5.309300000,01/10/2014,,,,
GHS,5.680400000,01/10/2015,,,,
GHS,5.170000000,01/10/2016,,,,
GHS,2.362100000,01/11/2009,,,,
GHS,2.291900000,01/11/2010,,,,
GHS,2.576100000,01/11/2011,,,,
GHS,3.046000000,01/11/2012,,,,
GHS,3.566700000,01/11/2013,,,,
GHS,5.159500000,01/11/2014,,,,
GHS,5.917400000,01/11/2015,,,,
GHS,4.862200000,01/11/2016,,,,
GHS,2.344700000,01/12/2009,,,,
GHS,2.260500000,01/12/2010,,,,
GHS,2.619500000,01/12/2011,,,,
GHS,3.051300000,01/12/2012,,,,
GHS,3.726600000,01/12/2013,,,,
GHS,5.019200000,01/12/2014,,,,
GHS,5.712600000,01/12/2015,,,,
GHS,5.472400000,01/12/2016,,,,
GHS,2.293400000,01/2/2010,,,,
GHS,2.504700000,01/2/2011,,,,
GHS,2.652800000,01/2/2012,,,,
GHS,3.018700000,01/2/2013,,,,
GHS,3.911400000,01/2/2014,,,,
GHS,4.971800000,01/2/2015,,,,
GHS,5.744900000,01/2/2016,,,,
GHS,5.497900000,01/2/2017,,,,
GHS,2.023900000,01/3/2009,,,,
GHS,2.172500000,01/3/2010,,,,
GHS,2.155200000,01/3/2010,,,,
GHS,2.445100000,01/3/2011,,,,
GHS,2.422100000,01/3/2011,,,,
GHS,2.717700000,01/3/2012,,,,
GHS,2.840000000,01/3/2012,,,,
GHS,2.910700000,01/3/2013,,,,
GHS,2.942000000,01/3/2013,,,,
GHS,4.323700000,01/3/2014,,,,
GHS,4.486800000,01/3/2014,,,,
GHS,5.385800000,01/3/2015,,,,
GHS,5.685600000,01/3/2015,,,,
GHS,5.421100000,01/3/2016,,,,
GHS,5.504900000,01/3/2016,,,,
GHS,2.023900000,01/4/2009,,,,
GHS,2.155200000,01/4/2010,,,,
GHS,2.422100000,01/4/2011,,,,
GHS,2.840000000,01/4/2012,,,,
GHS,2.942000000,01/4/2013,,,,
GHS,4.486800000,01/4/2014,,,,
GHS,5.685600000,01/4/2015,,,,
GHS,5.504900000,01/4/2016,,,,
GHS,2.154200000,01/5/2009,,,,
GHS,2.167800000,01/5/2010,,,,
GHS,2.511100000,01/5/2011,,,,
GHS,3.013500000,01/5/2012,,,,
GHS,3.073100000,01/5/2013,,,,
GHS,4.778600000,01/5/2014,,,,
GHS,5.916500000,01/5/2015,,,,
GHS,5.588600000,01/5/2016,,,,
GHS,2.378500000,01/6/2009,,,,
GHS,2.077700000,01/6/2010,,,,
GHS,2.478000000,01/6/2011,,,,
GHS,2.913200000,01/6/2012,,,,
GHS,3.028400000,01/6/2013,,,,
GHS,5.040500000,01/6/2014,,,,
GHS,6.210600000,01/6/2015,,,,
GHS,5.659700000,01/6/2016,,,,
GHS,2.462900000,01/7/2009,,,,
GHS,2.158200000,01/7/2010,,,,
GHS,2.433500000,01/7/2011,,,,
GHS,3.046700000,01/7/2012,,,,
GHS,3.094100000,01/7/2013,,,,
GHS,5.685300000,01/7/2014,,,,
GHS,6.857000000,01/7/2015,,,,
GHS,5.283700000,01/7/2016,,,,
GHS,2.481000000,01/8/2009,,,,
GHS,2.254800000,01/8/2010,,,,
GHS,2.482500000,01/8/2011,,,,
GHS,3.060100000,01/8/2012,,,,
GHS,3.153400000,01/8/2013,,,,
GHS,5.850000000,01/8/2014,,,,
GHS,5.961100000,01/8/2015,,,,
GHS,5.264300000,01/8/2016,,,,
GHS,2.382000000,01/9/2009,,,,
GHS,2.203200000,01/9/2010,,,,
GHS,2.488000000,01/9/2011,,,,
GHS,3.069900000,01/9/2012,,,,
GHS,3.333600000,01/9/2013,,,,
GHS,6.269400000,01/9/2014,,,,
GHS,6.187400000,01/9/2015,,,,
GHS,5.194200000,01/9/2016,,,,
HKD,11.423000000,01/1/2016,,,,
HKD,9.580200000,01/1/2017,,,,
HKD,11.739500000,01/10/2015,,,,
HKD,10.075000000,01/10/2016,,,,
HKD,11.969300000,01/11/2015,,,,
HKD,9.467900000,01/11/2016,,,,
HKD,11.669000000,01/12/2015,,,,
HKD,9.691200000,01/12/2016,,,,
HKD,11.040000000,01/2/2016,,,,
HKD,9.762000000,01/2/2017,,,,
HKD,0.000000000,01/3/2015,,,,
HKD,11.509400000,01/3/2015,,,,
HKD,10.836800000,01/3/2016,,,,
HKD,11.148500000,01/3/2016,,,,
HKD,11.509400000,01/4/2015,,,,
HKD,11.148500000,01/4/2016,,,,
HKD,11.911700000,01/5/2015,,,,
HKD,11.363500000,01/5/2016,,,,
HKD,11.828500000,01/6/2015,,,,
HKD,11.306500000,01/6/2016,,,,
HKD,12.192400000,01/7/2015,,,,
HKD,10.370800000,01/7/2016,,,,
HKD,12.097500000,01/8/2015,,,,
HKD,10.302900000,01/8/2016,,,,
HKD,11.899000000,01/9/2015,,,,
HKD,10.159100000,01/9/2016,,,,
INR,75.147100000,01/1/2010,,,,
INR,70.008000000,01/1/2011,,,,
INR,82.530500000,01/1/2012,,,,
INR,89.061200000,01/1/2013,,,,
INR,102.447000000,01/1/2014,,,,
INR,98.423800000,01/1/2015,,,,
INR,97.508000000,01/1/2016,,,,
INR,83.863000000,01/1/2017,,,,
INR,76.936800000,01/10/2009,,,,
INR,70.808600000,01/10/2010,,,,
INR,76.293300000,01/10/2011,,,,
INR,85.172700000,01/10/2012,,,,
INR,101.383000000,01/10/2013,,,,
INR,100.122000000,01/10/2014,,,,
INR,99.428900000,01/10/2015,,,,
INR,86.487800000,01/10/2016,,,,
INR,77.414800000,01/11/2009,,,,
INR,71.026700000,01/11/2010,,,,
INR,78.598600000,01/11/2011,,,,
INR,86.666400000,01/11/2012,,,,
INR,98.733600000,01/11/2013,,,,
INR,98.230800000,01/11/2014,,,,
INR,100.918900000,01/11/2015,,,,
INR,81.539400000,01/11/2016,,,,
INR,76.335800000,01/12/2009,,,,
INR,71.459000000,01/12/2010,,,,
INR,82.108000000,01/12/2011,,,,
INR,87.176200000,01/12/2012,,,,
INR,102.362000000,01/12/2013,,,,
INR,97.181300000,01/12/2014,,,,
INR,100.335700000,01/12/2015,,,,
INR,85.520600000,01/12/2016,,,,
INR,73.982900000,01/2/2010,,,,
INR,73.536400000,01/2/2011,,,,
INR,78.026700000,01/2/2012,,,,
INR,84.330100000,01/2/2013,,,,
INR,102.970000000,01/2/2014,,,,
INR,93.424000000,01/2/2015,,,,
INR,96.284200000,01/2/2016,,,,
INR,85.355700000,01/2/2017,,,,
INR,72.721000000,01/3/2009,,,,
INR,70.190300000,01/3/2010,,,,
INR,68.101300000,01/3/2010,,,,
INR,73.623500000,01/3/2011,,,,
INR,71.483600000,01/3/2011,,,,
INR,78.291100000,01/3/2012,,,,
INR,81.397400000,01/3/2012,,,,
INR,82.584100000,01/3/2013,,,,
INR,82.527800000,01/3/2013,,,,
INR,103.869000000,01/3/2014,,,,
INR,99.566400000,01/3/2014,,,,
INR,95.137000000,01/3/2015,,,,
INR,92.901500000,01/3/2015,,,,
INR,95.356600000,01/3/2016,,,,
INR,95.181500000,01/3/2016,,,,
INR,72.721000000,01/4/2009,,,,
INR,68.101300000,01/4/2010,,,,
INR,71.483600000,01/4/2011,,,,
INR,81.397400000,01/4/2012,,,,
INR,82.527800000,01/4/2013,,,,
INR,99.566400000,01/4/2014,,,,
INR,92.901500000,01/4/2015,,,,
INR,95.181500000,01/4/2016,,,,
INR,74.141900000,01/5/2009,,,,
INR,67.899700000,01/5/2010,,,,
INR,73.748400000,01/5/2011,,,,
INR,85.576900000,01/5/2012,,,,
INR,83.851100000,01/5/2013,,,,
INR,101.845000000,01/5/2014,,,,
INR,97.607300000,01/5/2015,,,,
INR,97.166900000,01/5/2016,,,,
INR,75.975300000,01/6/2009,,,,
INR,67.366100000,01/6/2010,,,,
INR,74.141800000,01/6/2011,,,,
INR,86.434800000,01/6/2012,,,,
INR,85.636900000,01/6/2013,,,,
INR,99.114700000,01/6/2014,,,,
INR,97.456600000,01/6/2015,,,,
INR,97.933200000,01/6/2016,,,,
INR,78.892400000,01/7/2009,,,,
INR,69.486400000,01/7/2010,,,,
INR,71.767600000,01/7/2011,,,,
INR,87.574400000,01/7/2012,,,,
INR,90.129900000,01/7/2013,,,,
INR,102.839000000,01/7/2014,,,,
INR,100.149400000,01/7/2015,,,,
INR,90.226700000,01/7/2016,,,,
INR,79.493900000,01/8/2009,,,,
INR,72.674900000,01/8/2010,,,,
INR,72.537900000,01/8/2011,,,,
INR,87.137600000,01/8/2012,,,,
INR,92.183400000,01/8/2013,,,,
INR,102.180000000,01/8/2014,,,,
INR,100.056500000,01/8/2015,,,,
INR,88.936200000,01/8/2016,,,,
INR,79.575000000,01/9/2009,,,,
INR,72.295800000,01/9/2010,,,,
INR,74.980900000,01/9/2011,,,,
INR,88.352000000,01/9/2012,,,,
INR,102.204000000,01/9/2013,,,,
INR,100.774000000,01/9/2014,,,,
INR,101.509200000,01/9/2015,,,,
INR,87.711000000,01/9/2016,,,,
JPY,140.549000000,01/1/2013,,,,
JPY,174.080000000,01/1/2014,,,,
JPY,186.946000000,01/1/2015,,,,
JPY,177.303300000,01/1/2016,,,,
JPY,144.120200000,01/1/2017,,,,
JPY,125.631000000,01/10/2012,,,,
JPY,158.904000000,01/10/2013,,,,
JPY,177.832000000,01/10/2014,,,,
JPY,181.415400000,01/10/2015,,,,
JPY,131.543700000,01/10/2016,,,,
JPY,128.771000000,01/11/2012,,,,
JPY,157.624000000,01/11/2013,,,,
JPY,179.351000000,01/11/2014,,,,
JPY,186.370700000,01/11/2015,,,,
JPY,128.297900000,01/11/2016,,,,
JPY,132.171000000,01/12/2012,,,,
JPY,167.679000000,01/12/2013,,,,
JPY,185.867000000,01/12/2014,,,,
JPY,185.573200000,01/12/2015,,,,
JPY,142.363600000,01/12/2016,,,,
JPY,144.688000000,01/2/2013,,,,
JPY,167.607000000,01/2/2014,,,,
JPY,176.940000000,01/2/2015,,,,
JPY,171.730700000,01/2/2016,,,,
JPY,141.630500000,01/2/2017,,,,
JPY,140.046000000,01/3/2013,,,,
JPY,142.765000000,01/3/2013,,,,
JPY,171.046000000,01/3/2014,,,,
JPY,171.691000000,01/3/2014,,,,
JPY,184.430000000,01/3/2015,,,,
JPY,178.028000000,01/3/2015,,,,
JPY,157.301700000,01/3/2016,,,,
JPY,161.545100000,01/3/2016,,,,
JPY,131.487000000,01/4/2012,,,,
JPY,142.765000000,01/4/2013,,,,
JPY,171.691000000,01/4/2014,,,,
JPY,178.028000000,01/4/2015,,,,
JPY,161.545100000,01/4/2016,,,,
JPY,129.656000000,01/5/2012,,,,
JPY,151.609000000,01/5/2013,,,,
JPY,172.485000000,01/5/2014,,,,
JPY,183.904000000,01/5/2015,,,,
JPY,156.737100000,01/5/2016,,,,
JPY,120.692000000,01/6/2012,,,,
JPY,153.088000000,01/6/2013,,,,
JPY,170.662000000,01/6/2014,,,,
JPY,189.362600000,01/6/2015,,,,
JPY,161.422000000,01/6/2016,,,,
JPY,125.147000000,01/7/2012,,,,
JPY,150.661000000,01/7/2013,,,,
JPY,173.216000000,01/7/2014,,,,
JPY,192.443200000,01/7/2015,,,,
JPY,137.141400000,01/7/2016,,,,
JPY,122.367000000,01/8/2012,,,,
JPY,149.111000000,01/8/2013,,,,
JPY,173.616000000,01/8/2014,,,,
JPY,193.338200000,01/8/2015,,,,
JPY,136.069700000,01/8/2016,,,,
JPY,124.368000000,01/9/2012,,,,
JPY,151.774000000,01/9/2013,,,,
JPY,172.527000000,01/9/2014,,,,
JPY,185.784300000,01/9/2015,,,,
JPY,135.469500000,01/9/2016,,,,
KES,122.486000000,01/1/2010,,,,
KES,126.348000000,01/1/2011,,,,
KES,132.254000000,01/1/2012,,,,
KES,139.956000000,01/1/2013,,,,
KES,142.934000000,01/1/2014,,,,
KES,141.190000000,01/1/2015,,,,
KES,150.780400000,01/1/2016,,,,
KES,126.617200000,01/1/2017,,,,
KES,119.232000000,01/10/2009,,,,
KES,127.325000000,01/10/2010,,,,
KES,156.403000000,01/10/2011,,,,
KES,137.743000000,01/10/2012,,,,
KES,139.430000000,01/10/2013,,,,
KES,144.850000000,01/10/2014,,,,
KES,158.595500000,01/10/2015,,,,
KES,131.524300000,01/10/2016,,,,
KES,123.956000000,01/11/2009,,,,
KES,129.103000000,01/11/2010,,,,
KES,160.361000000,01/11/2011,,,,
KES,137.181000000,01/11/2012,,,,
KES,137.123000000,01/11/2013,,,,
KES,143.107000000,01/11/2014,,,,
KES,157.606200000,01/11/2015,,,,
KES,123.860000000,01/11/2016,,,,
KES,122.804000000,01/12/2009,,,,
KES,125.834000000,01/12/2010,,,,
KES,141.238000000,01/12/2011,,,,
KES,137.227000000,01/12/2012,,,,
KES,141.888000000,01/12/2013,,,,
KES,141.258000000,01/12/2014,,,,
KES,153.766300000,01/12/2015,,,,
KES,127.189600000,01/12/2016,,,,
KES,121.622000000,01/2/2010,,,,
KES,129.982000000,01/2/2011,,,,
KES,132.359000000,01/2/2012,,,,
KES,138.965000000,01/2/2013,,,,
KES,142.076000000,01/2/2014,,,,
KES,137.853900000,01/2/2015,,,,
KES,145.254400000,01/2/2016,,,,
KES,130.590700000,01/2/2017,,,,
KES,114.955000000,01/3/2009,,,,
KES,116.996000000,01/3/2010,,,,
KES,117.287000000,01/3/2010,,,,
KES,134.300000000,01/3/2011,,,,
KES,133.045000000,01/3/2011,,,,
KES,132.748000000,01/3/2012,,,,
KES,132.693000000,01/3/2012,,,,
KES,130.696000000,01/3/2013,,,,
KES,129.828000000,01/3/2013,,,,
KES,144.877000000,01/3/2014,,,,
KES,143.875000000,01/3/2014,,,,
KES,140.894200000,01/3/2015,,,,
KES,137.167300000,01/3/2015,,,,
KES,141.589000000,01/3/2016,,,,
KES,145.742000000,01/3/2016,,,,
KES,114.955000000,01/4/2009,,,,
KES,117.287000000,01/4/2010,,,,
KES,133.045000000,01/4/2011,,,,
KES,132.693000000,01/4/2012,,,,
KES,129.828000000,01/4/2013,,,,
KES,143.875000000,01/4/2014,,,,
KES,137.167300000,01/4/2015,,,,
KES,145.742000000,01/4/2016,,,,
KES,116.618000000,01/5/2009,,,,
KES,118.090000000,01/5/2010,,,,
KES,139.024000000,01/5/2011,,,,
KES,135.186000000,01/5/2012,,,,
KES,130.426000000,01/5/2013,,,,
KES,146.921000000,01/5/2014,,,,
KES,145.485000000,01/5/2015,,,,
KES,147.896400000,01/5/2016,,,,
KES,126.343000000,01/6/2009,,,,
KES,116.091000000,01/6/2010,,,,
KES,141.387000000,01/6/2011,,,,
KES,132.675000000,01/6/2012,,,,
KES,129.096000000,01/6/2013,,,,
KES,147.104000000,01/6/2014,,,,
KES,148.780000000,01/6/2015,,,,
KES,146.787000000,01/6/2016,,,,
KES,125.984000000,01/7/2009,,,,
KES,122.127000000,01/7/2010,,,,
KES,143.407000000,01/7/2011,,,,
KES,132.142000000,01/7/2012,,,,
KES,130.247000000,01/7/2013,,,,
KES,149.834000000,01/7/2014,,,,
KES,156.090300000,01/7/2015,,,,
KES,135.149600000,01/7/2016,,,,
KES,126.991000000,01/8/2009,,,,
KES,125.523000000,01/8/2010,,,,
KES,149.377000000,01/8/2011,,,,
KES,132.081000000,01/8/2012,,,,
KES,132.503000000,01/8/2013,,,,
KES,148.233000000,01/8/2014,,,,
KES,159.639200000,01/8/2015,,,,
KES,134.629200000,01/8/2016,,,,
KES,124.354000000,01/9/2009,,,,
KES,124.566000000,01/9/2010,,,,
KES,152.404000000,01/9/2011,,,,
KES,133.501000000,01/9/2012,,,,
KES,135.431000000,01/9/2013,,,,
KES,146.810000000,01/9/2014,,,,
KES,159.445400000,01/9/2015,,,,
KES,132.607800000,01/9/2016,,,,
LAK,"12,556.500000000",01/1/2011,,,,
LAK,"12,401.700000000",01/1/2012,,,,
LAK,"12,917.800000000",01/1/2013,,,,
LAK,"12,764.000000000",01/10/2010,,,,
LAK,"12,431.200000000",01/10/2011,,,,
LAK,"12,868.300000000",01/10/2012,,,,
LAK,"12,790.400000000",01/11/2010,,,,
LAK,"12,891.800000000",01/11/2011,,,,
LAK,"12,806.200000000",01/11/2012,,,,
LAK,"12,474.400000000",01/12/2010,,,,
LAK,"12,546.200000000",01/12/2011,,,,
LAK,"12,739.500000000",01/12/2012,,,,
LAK,"12,878.100000000",01/2/2011,,,,
LAK,"12,561.300000000",01/2/2012,,,,
LAK,"12,548.800000000",01/2/2013,,,,
LAK,"13,064.000000000",01/3/2011,,,,
LAK,"12,839.600000000",01/3/2011,,,,
LAK,"12,691.700000000",01/3/2012,,,,
LAK,"12,697.300000000",01/3/2012,,,,
LAK,"11,911.400000000",01/3/2013,,,,
LAK,"11,857.600000000",01/3/2013,,,,
LAK,"12,839.600000000",01/4/2011,,,,
LAK,"12,697.300000000",01/4/2012,,,,
LAK,"11,857.600000000",01/4/2013,,,,
LAK,"13,360.300000000",01/5/2011,,,,
LAK,"12,921.000000000",01/5/2012,,,,
LAK,"12,020.300000000",01/6/2010,,,,
LAK,"13,185.700000000",01/6/2011,,,,
LAK,"12,267.000000000",01/6/2012,,,,
LAK,"12,305.400000000",01/7/2010,,,,
LAK,"12,853.200000000",01/7/2011,,,,
LAK,"12,511.500000000",01/7/2012,,,,
LAK,"12,873.300000000",01/8/2010,,,,
LAK,"13,107.400000000",01/8/2011,,,,
LAK,"12,498.400000000",01/8/2012,,,,
LAK,"12,554.900000000",01/9/2010,,,,
LAK,"13,001.600000000",01/9/2011,,,,
LAK,"12,698.900000000",01/9/2012,,,,
LRD,108.813000000,01/1/2011,,,,
LRD,111.895000000,01/1/2012,,,,
LRD,117.036000000,01/1/2013,,,,
LRD,113.458000000,01/10/2010,,,,
LRD,110.604000000,01/10/2011,,,,
LRD,117.073000000,01/10/2012,,,,
LRD,111.916000000,01/11/2010,,,,
LRD,116.215000000,01/11/2011,,,,
LRD,115.996000000,01/11/2012,,,,
LRD,107.457000000,01/12/2010,,,,
LRD,110.096000000,01/12/2011,,,,
LRD,117.795000000,01/12/2012,,,,
LRD,114.525000000,01/2/2011,,,,
LRD,115.198000000,01/2/2012,,,,
LRD,116.546000000,01/2/2013,,,,
LRD,117.108000000,01/3/2011,,,,
LRD,113.809000000,01/3/2011,,,,
LRD,115.815000000,01/3/2012,,,,
LRD,115.837000000,01/3/2012,,,,
LRD,112.328000000,01/3/2013,,,,
LRD,111.621000000,01/3/2013,,,,
LRD,113.809000000,01/4/2011,,,,
LRD,115.837000000,01/4/2012,,,,
LRD,111.621000000,01/4/2013,,,,
LRD,120.092000000,01/5/2011,,,,
LRD,119.353000000,01/5/2012,,,,
LRD,101.707000000,01/6/2010,,,,
LRD,118.508000000,01/6/2011,,,,
LRD,113.128000000,01/6/2012,,,,
LRD,106.223000000,01/7/2010,,,,
LRD,116.395000000,01/7/2011,,,,
LRD,115.281000000,01/7/2012,,,,
LRD,112.759000000,01/8/2010,,,,
LRD,118.270000000,01/8/2011,,,,
LRD,115.160000000,01/8/2012,,,,
LRD,110.657000000,01/9/2010,,,,
LRD,117.234000000,01/9/2011,,,,
LRD,116.744000000,01/9/2012,,,,
LSL,10.358000000,01/1/2011,,,,
LSL,12.546900000,01/1/2012,,,,
LSL,13.791400000,01/1/2013,,,,
LSL,10.990100000,01/10/2010,,,,
LSL,12.523300000,01/10/2011,,,,
LSL,13.324000000,01/10/2012,,,,
LSL,11.123000000,01/11/2010,,,,
LSL,12.745800000,01/11/2011,,,,
LSL,14.014900000,01/11/2012,,,,
LSL,11.045200000,01/12/2010,,,,
LSL,12.737800000,01/12/2011,,,,
LSL,14.234600000,01/12/2012,,,,
LSL,11.500600000,01/2/2011,,,,
LSL,12.307500000,01/2/2012,,,,
LSL,14.163100000,01/2/2013,,,,
LSL,11.286400000,01/3/2011,,,,
LSL,10.835100000,01/3/2011,,,,
LSL,11.901400000,01/3/2012,,,,
LSL,12.262000000,01/3/2012,,,,
LSL,13.620100000,01/3/2013,,,,
LSL,13.931000000,01/3/2013,,,,
LSL,10.835100000,01/4/2011,,,,
LSL,12.262000000,01/4/2012,,,,
LSL,13.931000000,01/4/2013,,AUD,,
LSL,10.987100000,01/5/2011,,BDT,,
LSL,12.585100000,01/5/2012,,CAD,,
LSL,11.173200000,01/6/2010,,CHF,,
LSL,11.237800000,01/6/2011,,ETB,,
LSL,13.177200000,01/6/2012,,EUR,,
LSL,11.468800000,01/7/2010,,GBP,,
LSL,10.883400000,01/7/2011,,GHS,,
LSL,12.827600000,01/7/2012,,INR,,
LSL,11.438500000,01/8/2010,,JPY,,
LSL,11.015200000,01/8/2011,,KES,,
LSL,12.871400000,01/8/2012,,MGA,,
LSL,11.335800000,01/9/2010,,MWK,,
LSL,11.395700000,01/9/2011,,MZN,,
LSL,13.387500000,01/9/2012,,NGN,,
MGA,"3,165.110000000",01/1/2010,,NPR,,
MGA,"3,346.580000000",01/1/2011,,PKR,,
MGA,"3,488.960000000",01/1/2012,,PLN,,
MGA,"3,694.770000000",01/1/2013,,RWF,,
MGA,"3,697.580000000",01/1/2014,,SEK,,
MGA,"4,030.660000000",01/1/2015,,SLL,,
MGA,"4,745.974100000",01/1/2016,,TZS,,
MGA,"4,161.056200000",01/1/2017,,UGX,,
MGA,"3,210.700000000",01/10/2009,,USD,,
MGA,"3,185.480000000",01/10/2010,,XOF,,
MGA,"3,241.010000000",01/10/2011,,ZAR,,
MGA,"3,567.100000000",01/10/2012,,ZMW,,
MGA,"3,647.700000000",01/10/2013,,,,
MGA,"4,296.050000000",01/10/2014,,,,
MGA,"4,854.812000000",01/10/2015,,,,
MGA,"4,063.288200000",01/10/2016,,,,
MGA,"3,304.950000000",01/11/2009,,,,
MGA,"3,199.200000000",01/11/2010,,,,
MGA,"3,373.470000000",01/11/2011,,,,
MGA,"3,568.480000000",01/11/2012,,,,
MGA,"3,535.330000000",01/11/2013,,,,
MGA,"4,311.600000000",01/11/2014,,,,
MGA,"5,019.306800000",01/11/2015,,,,
MGA,"3,919.080400000",01/11/2016,,,,
MGA,"3,174.710000000",01/12/2009,,,,
MGA,"3,173.110000000",01/12/2010,,,,
MGA,"3,330.410000000",01/12/2011,,,,
MGA,"3,610.780000000",01/12/2012,,,,
MGA,"3,702.000000000",01/12/2013,,,,
MGA,"4,189.190000000",01/12/2014,,,,
MGA,"4,904.263900000",01/12/2015,,,,
MGA,"4,181.764600000",01/12/2016,,,,
MGA,"3,425.140000000",01/2/2010,,,,
MGA,"3,299.610000000",01/2/2011,,,,
MGA,"3,445.680000000",01/2/2012,,,,
MGA,"3,484.830000000",01/2/2013,,,,
MGA,"3,772.820000000",01/2/2014,,,,
MGA,"4,045.221000000",01/2/2015,,,,
MGA,"4,550.549100000",01/2/2016,,,,
MGA,"4,051.707900000",01/2/2017,,,,
MGA,"2,830.150000000",01/3/2009,,,,
MGA,"3,322.640000000",01/3/2010,,,,
MGA,"3,200.670000000",01/3/2010,,,,
MGA,"3,265.200000000",01/3/2011,,,,
MGA,"3,203.500000000",01/3/2011,,,,
MGA,"3,457.680000000",01/3/2012,,,,
MGA,"3,373.250000000",01/3/2012,,,,
MGA,"3,356.950000000",01/3/2013,,,,
MGA,"3,405.890000000",01/3/2013,,,,
MGA,"3,934.060000000",01/3/2014,,,,
MGA,"3,938.650000000",01/3/2014,,,,
MGA,"4,374.972000000",01/3/2015,,,,
MGA,"4,564.821800000",01/3/2015,,,,
MGA,"4,430.230300000",01/3/2016,,,,
MGA,"4,596.479600000",01/3/2016,,,,
MGA,"2,830.150000000",01/4/2009,,,,
MGA,"3,200.670000000",01/4/2010,,,,
MGA,"3,203.500000000",01/4/2011,,,,
MGA,"3,373.250000000",01/4/2012,,,,
MGA,"3,405.890000000",01/4/2013,,,,
MGA,"3,938.650000000",01/4/2014,,,,
MGA,"4,564.821800000",01/4/2015,,,,
MGA,"4,596.479600000",01/4/2016,,,,
MGA,"3,130.300000000",01/5/2009,,,,
MGA,"3,137.840000000",01/5/2010,,,,
MGA,"3,239.990000000",01/5/2011,,,,
MGA,"3,382.480000000",01/5/2012,,,,
MGA,"3,377.390000000",01/5/2013,,,,
MGA,"4,027.200000000",01/5/2014,,,,
MGA,"4,763.955500000",01/5/2015,,,,
MGA,"4,653.992000000",01/5/2016,,,,
MGA,"3,134.800000000",01/6/2009,,,,
MGA,"3,112.950000000",01/6/2010,,,,
MGA,"3,223.600000000",01/6/2011,,,,
MGA,"3,292.240000000",01/6/2012,,,,
MGA,"3,330.580000000",01/6/2013,,,,
MGA,"4,025.650000000",01/6/2014,,,,
MGA,"4,852.517400000",01/6/2015,,,,
MGA,"4,774.035400000",01/6/2016,,,,
MGA,"3,199.010000000",01/7/2009,,,,
MGA,"3,380.440000000",01/7/2010,,,,
MGA,"3,118.590000000",01/7/2011,,,,
MGA,"3,450.600000000",01/7/2012,,,,
MGA,"3,329.920000000",01/7/2013,,,,
MGA,"4,168.620000000",01/7/2014,,,,
MGA,"5,060.943900000",01/7/2015,,,,
MGA,"4,301.795000000",01/7/2016,,,,
MGA,"3,195.510000000",01/8/2009,,,,
MGA,"3,414.100000000",01/8/2010,,,,
MGA,"3,247.710000000",01/8/2011,,,,
MGA,"3,558.210000000",01/8/2012,,,,
MGA,"3,329.250000000",01/8/2013,,,,
MGA,"4,221.600000000",01/8/2014,,,,
MGA,"5,297.923400000",01/8/2015,,,,
MGA,"3,912.744200000",01/8/2016,,,,
MGA,"3,140.630000000",01/9/2009,,,,
MGA,"3,166.020000000",01/9/2010,,,,
MGA,"3,197.880000000",01/9/2011,,,,
MGA,"3,576.180000000",01/9/2012,,,,
MGA,"3,380.640000000",01/9/2013,,,,
MGA,"4,243.220000000",01/9/2014,,,,
MGA,"5,035.928800000",01/9/2015,,,,
MGA,"3,981.508300000",01/9/2016,,,,
MWK,239.815200000,01/1/2010,,,,
MWK,239.184700000,01/1/2011,,,,
MWK,256.775800000,01/1/2012,,,,
MWK,567.051200000,01/1/2013,,,,
MWK,729.016900000,01/1/2014,,,,
MWK,734.166100000,01/1/2015,,,,
MWK,992.188300000,01/1/2016,,,,
MWK,895.745300000,01/1/2017,,,,
MWK,229.211500000,01/10/2009,,,,
MWK,242.934400000,01/10/2010,,,,
MWK,258.894600000,01/10/2011,,,,
MWK,507.026100000,01/10/2012,,,,
MWK,614.018900000,01/10/2013,,,,
MWK,676.020400000,01/10/2014,,,,
MWK,847.123400000,01/10/2015,,,,
MWK,938.037200000,01/10/2016,,,,
MWK,238.662400000,01/11/2009,,,,
MWK,248.101269200,01/11/2010,,,,
MWK,269.023500000,01/11/2011,,,,
MWK,525.327700000,01/11/2012,,,,
MWK,647.919200000,01/11/2013,,,,
MWK,766.071800000,01/11/2014,,,,
MWK,876.035600000,01/11/2015,,,,
MWK,884.701800000,01/11/2016,,,,
MWK,240.600600000,01/12/2009,,,,
MWK,240.527000000,01/12/2010,,,,
MWK,262.989600000,01/12/2011,,,,
MWK,544.989800000,01/12/2012,,,,
MWK,0.000000000,01/12/2013,,,,
MWK,789.951700000,01/12/2014,,,,
MWK,926.813500000,01/12/2015,,,,
MWK,912.536900000,01/12/2016,,,,
MWK,244.647900000,01/2/2010,,,,
MWK,248.023973200,01/2/2011,,,,
MWK,266.096800000,01/2/2012,,,,
MWK,590.283200000,01/2/2013,,,,
MWK,717.360400000,01/2/2014,,,,
MWK,686.065600000,01/2/2015,,,,
MWK,"1,059.842700000",01/2/2016,,,,
MWK,914.540500000,01/2/2017,,,,
MWK,230.279700000,01/3/2009,,,,
MWK,240.695800000,01/3/2010,,,,
MWK,234.469100000,01/3/2010,,,,
MWK,251.418900000,01/3/2011,,,,
MWK,247.824600000,01/3/2011,,,,
MWK,266.592400000,01/3/2012,,,,
MWK,271.095600000,01/3/2012,,,,
MWK,607.011400000,01/3/2013,,,,
MWK,630.958100000,01/3/2013,,,,
MWK,708.230600000,01/3/2014,,,,
MWK,680.373200000,01/3/2014,,,,
MWK,677.327500000,01/3/2015,,,,
MWK,654.419200000,01/3/2015,,,,
MWK,"1,033.889000000",01/3/2016,,,,
MWK,982.276200000,01/3/2016,,,,
MWK,230.279700000,01/4/2009,,,,
MWK,234.469100000,01/4/2010,,,,
MWK,247.824600000,01/4/2011,,,,
MWK,271.095600000,01/4/2012,,,,
MWK,630.958100000,01/4/2013,,,,
MWK,680.373200000,01/4/2014,,,,
MWK,654.419200000,01/4/2015,,,,
MWK,982.276200000,01/4/2016,,,,
MWK,229.372900000,01/5/2009,,,,
MWK,234.545700000,01/5/2010,,,,
MWK,257.003100000,01/5/2011,,,,
MWK,273.296100000,01/5/2012,,,,
MWK,620.870200000,01/5/2013,,,,
MWK,668.297100000,01/5/2014,,,,
MWK,682.314700000,01/5/2015,,,,
MWK,"1,009.529800000",01/5/2016,,,,
MWK,256.823800000,01/6/2009,,,,
MWK,223.894400000,01/6/2010,,,,
MWK,254.204000000,01/6/2011,,,,
MWK,423.591000000,01/6/2012,,,,
MWK,500.601400000,01/6/2013,,,,
MWK,659.110900000,01/6/2014,,,,
MWK,673.258600000,01/6/2015,,,,
MWK,"1,030.236600000",01/6/2016,,,,
MWK,268.388700000,01/7/2009,,,,
MWK,230.090435300,01/7/2010,,,,
MWK,248.222500000,01/7/2011,,,,
MWK,442.526200000,01/7/2012,,,,
MWK,524.966700000,01/7/2013,,,,
MWK,673.877400000,01/7/2014,,,,
MWK,698.825300000,01/7/2015,,,,
MWK,949.771300000,01/7/2016,,,,
MWK,241.227300000,01/8/2009,,,,
MWK,239.648900000,01/8/2010,,,,
MWK,254.147200000,01/8/2011,,,,
MWK,446.650700000,01/8/2012,,,,
MWK,509.549700000,01/8/2013,,,,
MWK,674.409800000,01/8/2014,,,,
MWK,813.017400000,01/8/2015,,,,
MWK,955.256000000,01/8/2016,,,,
MWK,234.398400000,01/9/2009,,,,
MWK,237.659800000,01/9/2010,,,,
MWK,269.848400000,01/9/2011,,,,
MWK,469.442800000,01/9/2012,,,,
MWK,533.127900000,01/9/2013,,,,
MWK,668.178500000,01/9/2014,,,,
MWK,876.899300000,01/9/2015,,,,
MWK,951.352900000,01/9/2016,,,,
MZN,48.768600000,01/1/2010,,,,
MZN,50.727100000,01/1/2011,,,,
MZN,41.595600000,01/1/2012,,,,
MZN,48.277400000,01/1/2013,,,,
MZN,49.704200000,01/1/2014,,,,
MZN,53.014700000,01/1/2015,,,,
MZN,70.747400000,01/1/2016,,,,
MZN,88.435500000,01/1/2017,,,,
MZN,46.357300000,01/10/2009,,,,
MZN,57.122800000,01/10/2010,,,,
MZN,41.515400000,01/10/2011,,,,
MZN,46.425600000,01/10/2012,,,,
MZN,48.258200000,01/10/2013,,,,
MZN,49.647800000,01/10/2014,,,,
MZN,64.377400000,01/10/2015,,,,
MZN,101.426300000,01/10/2016,,,,
MZN,48.428700000,01/11/2009,,,,
MZN,57.956600000,01/11/2010,,,,
MZN,43.201500000,01/11/2011,,,,
MZN,47.767700000,01/11/2012,,,,
MZN,47.780400000,01/11/2013,,,,
MZN,49.675400000,01/11/2014,,,,
MZN,65.945900000,01/11/2015,,,,
MZN,94.106700000,01/11/2016,,,,
MZN,49.889600000,01/12/2009,,,,
MZN,55.052400000,01/12/2010,,,,
MZN,41.758000000,01/12/2011,,,,
MZN,47.999500000,01/12/2012,,,,
MZN,48.969600000,01/12/2013,,,,
MZN,49.839600000,01/12/2014,,,,
MZN,82.038800000,01/12/2015,,,,
MZN,92.556000000,01/12/2016,,,,
MZN,49.354100000,01/2/2010,,,,
MZN,51.976900000,01/2/2011,,,,
MZN,42.765300000,01/2/2012,,,,
MZN,48.752700000,01/2/2013,,,,
MZN,50.618300000,01/2/2014,,,,
MZN,50.471100000,01/2/2015,,,,
MZN,64.158800000,01/2/2016,,,,
MZN,88.658200000,01/2/2017,,,,
MZN,40.993800000,01/3/2009,,,,
MZN,49.051800000,01/3/2010,,,,
MZN,52.409000000,01/3/2010,,,,
MZN,50.673700000,01/3/2011,,,,
MZN,49.619400000,01/3/2011,,,,
MZN,43.450800000,01/3/2012,,,,
MZN,44.896800000,01/3/2012,,,,
MZN,46.601200000,01/3/2013,,,,
MZN,45.705400000,01/3/2013,,,,
MZN,54.381400000,01/3/2014,,,,
MZN,52.348600000,01/3/2014,,,,
MZN,51.404000000,01/3/2015,,,,
MZN,54.629400000,01/3/2015,,,,
MZN,67.881900000,01/3/2016,,,,
MZN,73.862700000,01/3/2016,,,,
MZN,40.993800000,01/4/2009,,,,
MZN,52.409000000,01/4/2010,,,,
MZN,49.619400000,01/4/2011,,,,
MZN,44.896800000,01/4/2012,,,,
MZN,45.705400000,01/4/2013,,,,
MZN,52.348600000,01/4/2014,,,,
MZN,54.629400000,01/4/2015,,,,
MZN,73.862700000,01/4/2016,,,,
MZN,40.556900000,01/5/2009,,,,
MZN,51.850800000,01/5/2010,,,,
MZN,52.123500000,01/5/2011,,,,
MZN,44.656000000,01/5/2012,,,,
MZN,47.781500000,01/5/2013,,,,
MZN,52.429500000,01/5/2014,,,,
MZN,54.324400000,01/5/2015,,,,
MZN,77.742300000,01/5/2016,,,,
MZN,43.055100000,01/6/2009,,,,
MZN,49.218700000,01/6/2010,,,,
MZN,49.296300000,01/6/2011,,,,
MZN,42.973200000,01/6/2012,,,,
MZN,45.104100000,01/6/2013,,,,
MZN,53.088200000,01/6/2014,,,,
MZN,56.765300000,01/6/2015,,,,
MZN,84.884700000,01/6/2016,,,,
MZN,44.053300000,01/7/2009,,,,
MZN,51.241500000,01/7/2010,,,,
MZN,45.835700000,01/7/2011,,,,
MZN,43.838200000,01/7/2012,,,,
MZN,45.046100000,01/7/2013,,,,
MZN,53.945900000,01/7/2014,,,,
MZN,60.706100000,01/7/2015,,,,
MZN,84.672400000,01/7/2016,,,,
MZN,44.538300000,01/8/2009,,,,
MZN,57.554300000,01/8/2010,,,,
MZN,46.191900000,01/8/2011,,,,
MZN,43.870500000,01/8/2012,,,,
MZN,45.330000000,01/8/2013,,,,
MZN,51.493200000,01/8/2014,,,,
MZN,59.704800000,01/8/2015,,,,
MZN,90.615800000,01/8/2016,,,,
MZN,45.678000000,01/9/2009,,,,
MZN,56.481200000,01/9/2010,,,,
MZN,43.393000000,01/9/2011,,,,
MZN,46.062300000,01/9/2012,,,,
MZN,46.175100000,01/9/2013,,,,
MZN,50.902100000,01/9/2014,,,,
MZN,63.340600000,01/9/2015,,,,
MZN,95.621700000,01/9/2016,,,,
NGN,241.420000000,01/1/2010,,,,
NGN,237.979000000,01/1/2011,,,,
NGN,252.230000000,01/1/2012,,,,
NGN,253.822000000,01/1/2013,,,,
NGN,264.917000000,01/1/2014,,,,
NGN,285.343000000,01/1/2015,,,,
NGN,293.380700000,01/1/2016,,,,
NGN,389.205400000,01/1/2017,,,,
NGN,239.663000000,01/10/2009,,,,
NGN,243.524000000,01/10/2010,,,,
NGN,248.703000000,01/10/2011,,,,
NGN,253.927000000,01/10/2012,,,,
NGN,261.614000000,01/10/2013,,,,
NGN,265.301000000,01/10/2014,,,,
NGN,301.816200000,01/10/2015,,,,
NGN,409.186600000,01/10/2016,,,,
NGN,248.736000000,01/11/2009,,,,
NGN,241.099000000,01/11/2010,,,,
NGN,257.045000000,01/11/2011,,,,
NGN,253.032000000,01/11/2012,,,,
NGN,255.128000000,01/11/2013,,,,
NGN,265.015000000,01/11/2014,,,,
NGN,307.413100000,01/11/2015,,,,
NGN,384.887800000,01/11/2016,,,,
NGN,243.293000000,01/12/2009,,,,
NGN,234.926000000,01/12/2010,,,,
NGN,253.811000000,01/12/2011,,,,
NGN,252.177000000,01/12/2012,,,,
NGN,259.303000000,01/12/2013,,,,
NGN,279.618000000,01/12/2014,,,,
NGN,299.479200000,01/12/2015,,,,
NGN,393.088300000,01/12/2016,,,,
NGN,241.850000000,01/2/2010,,,,
NGN,243.706000000,01/2/2011,,,,
NGN,254.263000000,01/2/2012,,,,
NGN,249.153000000,01/2/2013,,,,
NGN,266.650000000,01/2/2014,,,,
NGN,282.487500000,01/2/2015,,,,
NGN,282.352400000,01/2/2016,,,,
NGN,384.349300000,01/2/2017,,,,
NGN,212.279000000,01/3/2009,,,,
NGN,228.893000000,01/3/2010,,,,
NGN,227.459000000,01/3/2010,,,,
NGN,249.342000000,01/3/2011,,,,
NGN,248.618000000,01/3/2011,,,,
NGN,251.966000000,01/3/2012,,,,
NGN,251.965000000,01/3/2012,,,,
NGN,240.671000000,01/3/2013,,,,
NGN,240.750000000,01/3/2013,,,,
NGN,276.431000000,01/3/2014,,,,
NGN,274.963000000,01/3/2014,,,,
NGN,312.498000000,01/3/2015,,,,
NGN,295.488600000,01/3/2015,,,,
NGN,277.673300000,01/3/2016,,,,
NGN,286.051000000,01/3/2016,,,,
NGN,212.279000000,01/4/2009,,,,
NGN,227.459000000,01/4/2010,,,,
NGN,248.618000000,01/4/2011,,,,
NGN,251.965000000,01/4/2012,,,,
NGN,240.750000000,01/4/2013,,,,
NGN,274.963000000,01/4/2014,,,,
NGN,295.488600000,01/4/2015,,,,
NGN,286.051000000,01/4/2016,,,,
NGN,219.306000000,01/5/2009,,,,
NGN,231.052000000,01/5/2010,,,,
NGN,257.948000000,01/5/2011,,,,
NGN,255.513000000,01/5/2012,,,,
NGN,245.911000000,01/5/2013,,,,
NGN,271.181000000,01/5/2014,,,,
NGN,305.815100000,01/5/2015,,,,
NGN,291.588500000,01/5/2016,,,,
NGN,238.657000000,01/6/2009,,,,
NGN,219.904000000,01/6/2010,,,,
NGN,257.344000000,01/6/2011,,,,
NGN,246.187000000,01/6/2012,,,,
NGN,239.847000000,01/6/2013,,,,
NGN,272.905000000,01/6/2014,,,,
NGN,303.740100000,01/6/2015,,,,
NGN,289.716900000,01/6/2016,,,,
NGN,243.899000000,01/7/2009,,,,
NGN,224.116000000,01/7/2010,,,,
NGN,244.831000000,01/7/2011,,,,
NGN,255.265000000,01/7/2012,,,,
NGN,246.509000000,01/7/2013,,,,
NGN,278.449000000,01/7/2014,,,,
NGN,312.809600000,01/7/2015,,,,
NGN,377.977700000,01/7/2016,,,,
NGN,259.785000000,01/8/2009,,,,
NGN,235.197000000,01/8/2010,,,,
NGN,251.150000000,01/8/2011,,,,
NGN,251.706000000,01/8/2012,,,,
NGN,243.326000000,01/8/2013,,,,
NGN,273.336000000,01/8/2014,,,,
NGN,310.851700000,01/8/2015,,,,
NGN,422.541800000,01/8/2016,,,,
NGN,251.111000000,01/9/2009,,,,
NGN,232.840000000,01/9/2010,,,,
NGN,252.029000000,01/9/2011,,,,
NGN,250.959000000,01/9/2012,,,,
NGN,252.686000000,01/9/2013,,,,
NGN,269.473000000,01/9/2014,,,,
NGN,305.610200000,01/9/2015,,,,
NGN,412.884900000,01/9/2016,,,,
NPR,120.235000000,01/1/2010,,,,
NPR,112.013000000,01/1/2011,,,,
NPR,132.049000000,01/1/2012,,,,
NPR,142.498000000,01/1/2013,,,,
NPR,163.916000000,01/1/2014,,,,
NPR,157.478000000,01/1/2015,,,,
NPR,156.012800000,01/1/2016,,,,
NPR,134.181800000,01/1/2017,,,,
NPR,123.099000000,01/10/2009,,,,
NPR,113.294000000,01/10/2010,,,,
NPR,122.069000000,01/10/2011,,,,
NPR,136.276000000,01/10/2012,,,,
NPR,162.212000000,01/10/2013,,,,
NPR,160.196000000,01/10/2014,,,,
NPR,159.086300000,01/10/2015,,,,
NPR,138.380400000,01/10/2016,,,,
NPR,123.864000000,01/11/2009,,,,
NPR,113.643000000,01/11/2010,,,,
NPR,125.758000000,01/11/2011,,,,
NPR,138.666000000,01/11/2012,,,,
NPR,157.974000000,01/11/2013,,,,
NPR,157.169000000,01/11/2014,,,,
NPR,161.470300000,01/11/2015,,,,
NPR,130.463100000,01/11/2016,,,,
NPR,122.137000000,01/12/2009,,,,
NPR,114.334000000,01/12/2010,,,,
NPR,131.373000000,01/12/2011,,,,
NPR,139.482000000,01/12/2012,,,,
NPR,163.779000000,01/12/2013,,,,
NPR,155.490000000,01/12/2014,,,,
NPR,160.537100000,01/12/2015,,,,
NPR,136.832900000,01/12/2016,,,,
NPR,118.373000000,01/2/2010,,,,
NPR,117.658000000,01/2/2011,,,,
NPR,124.843000000,01/2/2012,,,,
NPR,134.928000000,01/2/2013,,,,
NPR,164.753000000,01/2/2014,,,,
NPR,149.123300000,01/2/2015,,,,
NPR,154.054800000,01/2/2016,,,,
NPR,136.569200000,01/2/2017,,,,
NPR,116.354000000,01/3/2009,,,,
NPR,112.304000000,01/3/2010,,,,
NPR,108.962000000,01/3/2010,,,,
NPR,117.798000000,01/3/2011,,,,
NPR,114.374000000,01/3/2011,,,,
NPR,125.266000000,01/3/2012,,,,
NPR,130.236000000,01/3/2012,,,,
NPR,132.135000000,01/3/2013,,,,
NPR,132.044000000,01/3/2013,,,,
NPR,166.191000000,01/3/2014,,,,
NPR,159.306000000,01/3/2014,,,,
NPR,152.668800000,01/3/2015,,,,
NPR,148.642400000,01/3/2015,,,,
NPR,152.570500000,01/3/2016,,,,
NPR,152.290300000,01/3/2016,,,,
NPR,116.354000000,01/4/2009,,,,
NPR,108.962000000,01/4/2010,,,,
NPR,114.374000000,01/4/2011,,,,
NPR,130.236000000,01/4/2012,,,,
NPR,132.044000000,01/4/2013,,,,
NPR,159.306000000,01/4/2014,,,,
NPR,148.642400000,01/4/2015,,,,
NPR,152.290300000,01/4/2016,,,,
NPR,118.627000000,01/5/2009,,,,
NPR,108.639000000,01/5/2010,,,,
NPR,117.997000000,01/5/2011,,,,
NPR,136.923000000,01/5/2012,,,,
NPR,162.952000000,01/5/2014,,,,
NPR,156.171600000,01/5/2015,,,,
NPR,155.467000000,01/5/2016,,,,
NPR,121.560000000,01/6/2009,,,,
NPR,107.786000000,01/6/2010,,,,
NPR,118.627000000,01/6/2011,,,,
NPR,138.296000000,01/6/2012,,,,
NPR,137.019000000,01/6/2013,,,,
NPR,158.583000000,01/6/2014,,,,
NPR,155.930600000,01/6/2015,,,,
NPR,156.693100000,01/6/2016,,,,
NPR,126.228000000,01/7/2009,,,,
NPR,111.178000000,01/7/2010,,,,
NPR,114.828000000,01/7/2011,,,,
NPR,140.119000000,01/7/2012,,,,
NPR,144.208000000,01/7/2013,,,,
NPR,164.542000000,01/7/2014,,,,
NPR,160.239100000,01/7/2015,,,,
NPR,144.362800000,01/7/2016,,,,
NPR,127.190000000,01/8/2009,,,,
NPR,116.280000000,01/8/2010,,,,
NPR,116.061000000,01/8/2011,,,,
NPR,139.420000000,01/8/2012,,,,
NPR,147.493000000,01/8/2013,,,,
NPR,163.488000000,01/8/2014,,,,
NPR,160.090400000,01/8/2015,,,,
NPR,142.298000000,01/8/2016,,,,
NPR,127.320000000,01/9/2009,,,,
NPR,115.673000000,01/9/2010,,,,
NPR,119.969000000,01/9/2011,,,,
NPR,141.363000000,01/9/2012,,,,
NPR,163.526000000,01/9/2013,,,,
NPR,161.239000000,01/9/2014,,,,
NPR,162.414800000,01/9/2015,,,,
NPR,140.337600000,01/9/2016,,,,
PGK,4.125600000,01/1/2011,,,,
PGK,3.319800000,01/1/2012,,,,
PGK,3.362400000,01/1/2013,,,,
PGK,4.216400000,01/10/2010,,,,
PGK,3.473900000,01/10/2011,,,,
PGK,3.324700000,01/10/2012,,,,
PGK,4.238200000,01/11/2010,,,,
PGK,3.499100000,01/11/2011,,,,
PGK,3.320000000,01/11/2012,,,,
PGK,4.106600000,01/12/2010,,,,
PGK,3.370800000,01/12/2011,,,,
PGK,3.319700000,01/12/2012,,,,
PGK,4.218100000,01/2/2011,,,,
PGK,3.291300000,01/2/2012,,,,
PGK,3.321000000,01/2/2013,,,,
PGK,4.214800000,01/3/2011,,,,
PGK,4.081400000,01/3/2011,,,,
PGK,3.285800000,01/3/2012,,,,
PGK,3.291600000,01/3/2012,,,,
PGK,3.201100000,01/3/2013,,,,
PGK,3.265800000,01/3/2013,,,,
PGK,4.081400000,01/4/2011,,,,
PGK,3.291600000,01/4/2012,,,,
PGK,3.265800000,01/4/2013,,,,
PGK,4.076400000,01/5/2011,,,,
PGK,3.318700000,01/5/2012,,,,
PGK,4.127100000,01/6/2010,,,,
PGK,3.871400000,01/6/2011,,,,
PGK,3.148200000,01/6/2012,,,,
PGK,4.133000000,01/7/2010,,,,
PGK,3.663400000,01/7/2011,,,,
PGK,3.202200000,01/7/2012,,,,
PGK,4.235800000,01/8/2010,,,,
PGK,3.693000000,01/8/2011,,,,
PGK,3.224500000,01/8/2012,,,,
PGK,4.132000000,01/9/2010,,,,
PGK,3.645700000,01/9/2011,,,,
PGK,3.265300000,01/9/2012,,,,
PKR,136.172000000,01/1/2010,,,,
PKR,134.090000000,01/1/2011,,,,
PKR,139.729000000,01/1/2012,,,,
PKR,158.007000000,01/1/2013,,,,
PKR,174.229000000,01/1/2014,,,,
PKR,156.744000000,01/1/2015,,,,
PKR,154.369400000,01/1/2016,,,,
PKR,128.971100000,01/1/2017,,,,
PKR,133.002000000,01/10/2009,,,,
PKR,135.968000000,01/10/2010,,,,
PKR,136.191000000,01/10/2011,,,,
PKR,153.172000000,01/10/2012,,,,
PKR,171.414000000,01/10/2013,,,,
PKR,166.306000000,01/10/2014,,,,
PKR,158.254700000,01/10/2015,,,,
PKR,135.687600000,01/10/2016,,,,
PKR,137.472000000,01/11/2009,,,,
PKR,137.265000000,01/11/2010,,,,
PKR,139.612000000,01/11/2011,,,,
PKR,154.451000000,01/11/2012,,,,
PKR,171.505000000,01/11/2013,,,,
PKR,164.433000000,01/11/2014,,,,
PKR,162.949800000,01/11/2015,,,,
PKR,127.950000000,01/11/2016,,,,
PKR,137.056000000,01/12/2009,,,,
PKR,133.519000000,01/12/2010,,,,
PKR,139.515000000,01/12/2011,,,,
PKR,154.680000000,01/12/2012,,,,
PKR,177.688000000,01/12/2013,,,,
PKR,159.400000000,01/12/2014,,,,
PKR,158.786400000,01/12/2015,,,,
PKR,130.969000000,01/12/2016,,,,
PKR,135.996000000,01/2/2010,,,,
PKR,137.302000000,01/2/2011,,,,
PKR,142.695000000,01/2/2012,,,,
PKR,154.914000000,01/2/2013,,,,
PKR,173.277000000,01/2/2014,,,,
PKR,152.166600000,01/2/2015,,,,
PKR,148.793600000,01/2/2016,,,,
PKR,131.855100000,01/2/2017,,,,
PKR,115.399000000,01/3/2009,,,,
PKR,129.404000000,01/3/2010,,,,
PKR,127.473000000,01/3/2010,,,,
PKR,139.375000000,01/3/2011,,,,
PKR,136.892000000,01/3/2011,,,,
PKR,145.304000000,01/3/2012,,,,
PKR,144.844000000,01/3/2012,,,,
PKR,149.010000000,01/3/2013,,,,
PKR,149.416000000,01/3/2013,,,,
PKR,175.788000000,01/3/2014,,,,
PKR,163.881000000,01/3/2014,,,,
PKR,156.943400000,01/3/2015,,,,
PKR,151.336800000,01/3/2015,,,,
PKR,145.860300000,01/3/2016,,,,
PKR,150.528200000,01/3/2016,,,,
PKR,115.399000000,01/4/2009,,,,
PKR,127.473000000,01/4/2010,,,,
PKR,136.892000000,01/4/2011,,,,
PKR,144.844000000,01/4/2012,,,,
PKR,149.416000000,01/4/2013,,,,
PKR,163.881000000,01/4/2014,,,,
PKR,151.336800000,01/4/2015,,,,
PKR,150.528200000,01/4/2016,,,,
PKR,119.255000000,01/5/2009,,,,
PKR,128.575000000,01/5/2010,,,,
PKR,141.401000000,01/5/2011,,,,
PKR,147.835000000,01/5/2012,,,,
PKR,153.173000000,01/5/2013,,,,
PKR,166.576000000,01/5/2014,,,,
PKR,156.265400000,01/5/2015,,,,
PKR,153.514300000,01/5/2016,,,,
PKR,130.697000000,01/6/2009,,,,
PKR,123.879000000,01/6/2010,,,,
PKR,141.634000000,01/6/2011,,,,
PKR,144.141000000,01/6/2012,,,,
PKR,149.298000000,01/6/2013,,,,
PKR,165.504000000,01/6/2014,,,,
PKR,155.578100000,01/6/2015,,,,
PKR,152.572600000,01/6/2016,,,,
PKR,134.120000000,01/7/2009,,,,
PKR,127.954000000,01/7/2010,,,,
PKR,138.021000000,01/7/2011,,,,
PKR,148.250000000,01/7/2012,,,,
PKR,150.912000000,01/7/2013,,,,
PKR,168.719000000,01/7/2014,,,,
PKR,160.061300000,01/7/2015,,,,
PKR,139.975400000,01/7/2016,,,,
PKR,137.950000000,01/8/2009,,,,
PKR,134.215000000,01/8/2010,,,,
PKR,142.096000000,01/8/2011,,,,
PKR,148.298000000,01/8/2012,,,,
PKR,154.190000000,01/8/2013,,,,
PKR,166.779000000,01/8/2014,,,,
PKR,158.819900000,01/8/2015,,,,
PKR,139.176600000,01/8/2016,,,,
PKR,135.241000000,01/9/2009,,,,
PKR,131.328000000,01/9/2010,,,,
PKR,142.057000000,01/9/2011,,,,
PKR,150.234000000,01/9/2012,,,,
PKR,161.620000000,01/9/2013,,,,
PKR,169.147000000,01/9/2014,,,,
PKR,159.529900000,01/9/2015,,,,
PKR,137.159000000,01/9/2016,,,,
PLN,5.336700000,01/1/2012,,,,
PLN,5.030700000,01/1/2013,,,,
PLN,4.997700000,01/1/2014,,,,
PLN,5.538500000,01/1/2015,,,,
PLN,5.820400000,01/1/2016,,,,
PLN,5.158000000,01/1/2017,,,,
PLN,5.173200000,01/10/2012,,,,
PLN,5.055000000,01/10/2013,,,,
PLN,5.359400000,01/10/2014,,,,
PLN,5.760000000,01/10/2015,,,,
PLN,4.971700000,01/10/2016,,,,
PLN,5.147000000,01/11/2012,,,,
PLN,4.943300000,01/11/2013,,,,
PLN,5.379700000,01/11/2014,,,,
PLN,5.949300000,01/11/2015,,,,
PLN,4.805300000,01/11/2016,,,,
PLN,5.067000000,01/12/2012,,,,
PLN,5.055100000,01/12/2013,,,,
PLN,5.252500000,01/12/2014,,,,
PLN,6.087100000,01/12/2015,,,,
PLN,5.237600000,01/12/2016,,,,
PLN,5.093600000,01/2/2012,,,,
PLN,4.909400000,01/2/2013,,,,
PLN,5.180600000,01/2/2014,,,,
PLN,5.579100000,01/2/2015,,,,
PLN,5.791100000,01/2/2016,,,,
PLN,5.033700000,01/2/2017,,,,
PLN,4.911500000,01/3/2012,,,,
PLN,4.983100000,01/3/2012,,,,
PLN,4.818800000,01/3/2013,,,,
PLN,4.938700000,01/3/2013,,,,
PLN,5.061900000,01/3/2014,,,,
PLN,5.037200000,01/3/2014,,,,
PLN,5.719900000,01/3/2015,,,,
PLN,5.628500000,01/3/2015,,,,
PLN,5.572700000,01/3/2016,,,,
PLN,5.349500000,01/3/2016,,,,
PLN,4.983100000,01/4/2012,,,,
PLN,4.938700000,01/4/2013,,,,
PLN,5.037200000,01/4/2014,,,,
PLN,5.628500000,01/4/2015,,,,
PLN,5.349500000,01/4/2016,,,,
PLN,5.121000000,01/5/2012,,,,
PLN,4.917500000,01/5/2013,,,,
PLN,5.112100000,01/5/2014,,,,
PLN,5.546300000,01/5/2015,,,,
PLN,5.595600000,01/5/2016,,,,
PLN,5.482400000,01/6/2012,,,,
PLN,5.005400000,01/6/2013,,,,
PLN,5.082900000,01/6/2014,,,,
PLN,5.730500000,01/6/2015,,,,
PLN,5.740700000,01/6/2016,,,,
PLN,5.234400000,01/7/2012,,,,
PLN,5.052700000,01/7/2013,,,,
PLN,5.192300000,01/7/2014,,,,
PLN,5.914800000,01/7/2015,,,,
PLN,5.295500000,01/7/2016,,,,
PLN,5.221800000,01/8/2012,,,,
PLN,4.856100000,01/8/2013,,,,
PLN,5.272200000,01/8/2014,,,,
PLN,5.860100000,01/8/2015,,,,
PLN,5.171400000,01/8/2016,,,,
PLN,5.270700000,01/9/2012,,,,
PLN,5.008500000,01/9/2013,,,,
PLN,5.310000000,01/9/2014,,,,
PLN,5.785600000,01/9/2015,,,,
PLN,5.122700000,01/9/2016,,,,
RWF,922.460000000,01/1/2010,,,,
RWF,929.997000000,01/1/2011,,,,
RWF,938.896000000,01/1/2012,,,,
RWF,"1,026.440000000",01/1/2013,,,,
RWF,"1,119.630000000",01/1/2014,,,,
RWF,"1,074.320000000",01/1/2015,,,,
RWF,"1,098.795900000",01/1/2016,,,,
RWF,"1,015.705100000",01/1/2017,,,,
RWF,909.503000000,01/10/2009,,,,
RWF,929.494000000,01/10/2010,,,,
RWF,934.657000000,01/10/2011,,,,
RWF,"1,005.590000000",01/10/2012,,,,
RWF,"1,085.000000000",01/10/2013,,,,
RWF,"1,115.350000000",01/10/2014,,,,
RWF,"1,110.956300000",01/10/2015,,,,
RWF,"1,046.621300000",01/10/2016,,,,
RWF,938.415000000,01/11/2009,,,,
RWF,944.162000000,01/11/2010,,,,
RWF,971.491000000,01/11/2011,,,,
RWF,"1,010.410000000",01/11/2012,,,,
RWF,"1,082.850000000",01/11/2013,,,,
RWF,"1,104.700000000",01/11/2014,,,,
RWF,"1,151.351400000",01/11/2015,,,,
RWF,987.974200000,01/11/2016,,,,
RWF,936.265000000,01/12/2009,,,,
RWF,923.014000000,01/12/2010,,,,
RWF,947.844000000,01/12/2011,,,,
RWF,"1,009.240000000",01/12/2012,,,,
RWF,"1,103.230000000",01/12/2013,,,,
RWF,"1,081.360000000",01/12/2014,,,,
RWF,"1,122.952900000",01/12/2015,,,,
RWF,"1,014.905500000",01/12/2016,,,,
RWF,918.144000000,01/2/2010,,,,
RWF,960.053000000,01/2/2011,,,,
RWF,954.238000000,01/2/2012,,,,
RWF,"1,002.390000000",01/2/2013,,,,
RWF,"1,118.370000000",01/2/2014,,,,
RWF,"1,030.510000000",01/2/2015,,,,
RWF,"1,064.584400000",01/2/2016,,,,
RWF,"1,034.786500000",01/2/2017,,,,
RWF,815.809000000,01/3/2009,,,,
RWF,871.407000000,01/3/2010,,,,
RWF,869.973000000,01/3/2010,,,,
RWF,976.389000000,01/3/2011,,,,
RWF,962.616000000,01/3/2011,,,,
RWF,967.662000000,01/3/2012,,,,
RWF,970.150000000,01/3/2012,,,,
RWF,962.625000000,01/3/2013,,,,
RWF,965.358000000,01/3/2013,,,,
RWF,"1,139.580000000",01/3/2014,,,,
RWF,"1,134.500000000",01/3/2014,,,,
RWF,"1,057.092000000",01/3/2015,,,,
RWF,"1,022.816700000",01/3/2015,,,,
RWF,"1,067.213000000",01/3/2016,,,,
RWF,"1,090.233600000",01/3/2016,,,,
RWF,815.809000000,01/4/2009,,,,
RWF,869.973000000,01/4/2010,,,,
RWF,962.616000000,01/4/2011,,,,
RWF,970.150000000,01/4/2012,,,,
RWF,965.358000000,01/4/2013,,,,
RWF,"1,134.500000000",01/4/2014,,,,
RWF,"1,022.816700000",01/4/2015,,,,
RWF,"1,090.233600000",01/4/2016,,,,
RWF,843.036000000,01/5/2009,,,,
RWF,882.237000000,01/5/2010,,,,
RWF,"1,003.680000000",01/5/2011,,,,
RWF,987.505000000,01/5/2012,,,,
RWF,980.533000000,01/5/2013,,,,
RWF,"1,148.220000000",01/5/2014,,,,
RWF,"1,061.132400000",01/5/2015,,,,
RWF,"1,138.623700000",01/5/2016,,,,
RWF,914.329000000,01/6/2009,,,,
RWF,843.823000000,01/6/2010,,,,
RWF,984.787000000,01/6/2011,,,,
RWF,937.814000000,01/6/2012,,,,
RWF,971.833000000,01/6/2013,,,,
RWF,"1,139.760000000",01/6/2014,,,,
RWF,"1,046.800900000",01/6/2015,,,,
RWF,"1,137.486400000",01/6/2016,,,,
RWF,936.189000000,01/7/2009,,,,
RWF,880.575000000,01/7/2010,,,,
RWF,967.152000000,01/7/2011,,,,
RWF,960.560000000,01/7/2012,,,,
RWF,986.614000000,01/7/2013,,,,
RWF,"1,163.550000000",01/7/2014,,,,
RWF,"1,137.060700000",01/7/2015,,,,
RWF,"1,041.360300000",01/7/2016,,,,
RWF,943.442000000,01/8/2009,,,,
RWF,922.175000000,01/8/2010,,,,
RWF,983.669000000,01/8/2011,,,,
RWF,960.437000000,01/8/2012,,,,
RWF,986.192000000,01/8/2013,,,,
RWF,"1,164.080000000",01/8/2014,,,,
RWF,"1,134.015800000",01/8/2015,,,,
RWF,"1,047.266300000",01/8/2016,,,,
RWF,925.898000000,01/9/2009,,,,
RWF,902.453000000,01/9/2010,,,,
RWF,976.811000000,01/9/2011,,,,
RWF,975.829000000,01/9/2012,,,,
RWF,"1,005.490000000",01/9/2013,,,,
RWF,"1,146.750000000",01/9/2014,,,,
RWF,"1,119.726200000",01/9/2015,,,,
RWF,"1,050.345100000",01/9/2016,,,,
SEK,11.530200000,01/1/2010,,,,
SEK,10.525600000,01/1/2011,,,,
SEK,10.653900000,01/1/2012,,,,
SEK,10.574600000,01/1/2013,,,,
SEK,10.637400000,01/1/2014,,,,
SEK,12.206200000,01/1/2015,,,,
SEK,12.425900000,01/1/2016,,,,
SEK,11.225400000,01/1/2017,,,,
SEK,10.606000000,01/10/2010,,,,
SEK,10.699300000,01/10/2011,,,,
SEK,10.587600000,01/10/2012,,,,
SEK,10.401600000,01/10/2013,,,,
SEK,11.686000000,01/10/2014,,,,
SEK,12.704400000,01/10/2015,,,,
SEK,11.129100000,01/10/2016,,,,
SEK,11.625700000,01/11/2009,,,,
SEK,10.719500000,01/11/2010,,,,
SEK,10.436900000,01/11/2011,,,,
SEK,10.690000000,01/11/2012,,,,
SEK,10.396500000,01/11/2013,,,,
SEK,11.839300000,01/11/2014,,,,
SEK,13.113400000,01/11/2015,,,,
SEK,11.014300000,01/11/2016,,,,
SEK,11.530200000,01/12/2009,,,,
SEK,10.952300000,01/12/2010,,,,
SEK,10.606800000,01/12/2011,,,,
SEK,10.671600000,01/12/2012,,,,
SEK,10.706200000,01/12/2013,,,,
SEK,11.654500000,01/12/2014,,,,
SEK,13.127900000,01/12/2015,,,,
SEK,11.534500000,01/12/2016,,,,
SEK,11.763900000,01/2/2010,,,,
SEK,10.299600000,01/2/2011,,,,
SEK,10.745600000,01/2/2012,,,,
SEK,10.088400000,01/2/2013,,,,
SEK,10.758300000,01/2/2014,,,,
SEK,12.464300000,01/2/2015,,,,
SEK,12.163600000,01/2/2016,,,,
SEK,10.997800000,01/2/2017,,,,
SEK,10.827600000,01/3/2010,,,,
SEK,10.917100000,01/3/2010,,,,
SEK,10.295400000,01/3/2011,,,,
SEK,10.112100000,01/3/2011,,,,
SEK,10.504300000,01/3/2012,,,,
SEK,10.601600000,01/3/2012,,,,
SEK,9.783900000,01/3/2013,,,,
SEK,9.873000000,01/3/2013,,,,
SEK,10.734900000,01/3/2014,,,,
SEK,10.809100000,01/3/2014,,,,
SEK,12.873800000,01/3/2015,,,,
SEK,12.802400000,01/3/2015,,,,
SEK,11.969400000,01/3/2016,,,,
SEK,11.651700000,01/3/2016,,,,
SEK,10.917100000,01/4/2010,,,,
SEK,10.112100000,01/4/2011,,,,
SEK,10.601600000,01/4/2012,,,,
SEK,9.873000000,01/4/2013,,,,
SEK,10.809100000,01/4/2014,,,,
SEK,12.802400000,01/4/2015,,,,
SEK,11.651700000,01/4/2016,,,,
SEK,11.095100000,01/5/2010,,,,
SEK,10.053400000,01/5/2011,,,,
SEK,10.917700000,01/5/2012,,,,
SEK,10.074800000,01/5/2013,,,,
SEK,11.004100000,01/5/2014,,,,
SEK,12.832500000,01/5/2015,,,,
SEK,11.752100000,01/5/2016,,,,
SEK,11.375100000,01/6/2010,,,,
SEK,10.176000000,01/6/2011,,,,
SEK,11.190900000,01/6/2012,,,,
SEK,10.077500000,01/6/2013,,,,
SEK,11.204300000,01/6/2014,,,,
SEK,13.037600000,01/6/2015,,,,
SEK,12.158100000,01/6/2016,,,,
SEK,11.642700000,01/7/2010,,,,
SEK,10.130500000,01/7/2011,,,,
SEK,10.826100000,01/7/2012,,,,
SEK,10.236900000,01/7/2013,,,,
SEK,11.431000000,01/7/2014,,,,
SEK,13.049500000,01/7/2015,,,,
SEK,11.326200000,01/7/2016,,,,
SEK,11.322500000,01/8/2010,,,,
SEK,10.354000000,01/8/2011,,,,
SEK,10.637300000,01/8/2012,,,,
SEK,9.908800000,01/8/2013,,,,
SEK,11.659300000,01/8/2014,,,,
SEK,13.381900000,01/8/2015,,,,
SEK,11.329800000,01/8/2016,,,,
SEK,11.327400000,01/9/2010,,,,
SEK,10.297200000,01/9/2011,,,,
SEK,10.517500000,01/9/2012,,,,
SEK,10.268600000,01/9/2013,,,,
SEK,11.577500000,01/9/2014,,,,
SEK,12.982000000,01/9/2015,,,,
SEK,11.231900000,01/9/2016,,,,
SLL,"6,572.620000000",01/1/2011,,,,
SLL,"6,803.410000000",01/1/2012,,,,
SLL,"7,045.100000000",01/1/2013,,,,
SLL,"7,168.260000000",01/1/2014,,,,
SLL,"6,606.550000000",01/1/2015,,,,
SLL,"6,113.758700000",01/1/2016,,,,
SLL,"6,820.793900000",01/1/2017,,,,
SLL,"6,431.010000000",01/10/2010,,,,
SLL,"6,863.710000000",01/10/2011,,,,
SLL,"7,000.440000000",01/10/2012,,,,
SLL,"6,998.240000000",01/10/2013,,,,
SLL,"7,092.540000000",01/10/2014,,,,
SLL,"6,354.427100000",01/10/2015,,,,
SLL,"7,332.883600000",01/10/2016,,,,
SLL,"6,577.960000000",01/11/2010,,,,
SLL,"7,134.940000000",01/11/2011,,,,
SLL,"6,992.080000000",01/11/2012,,,,
SLL,"6,954.180000000",01/11/2013,,,,
SLL,"6,999.350000000",01/11/2014,,,,
SLL,"6,931.275000000",01/11/2015,,,,
SLL,"6,895.629100000",01/11/2016,,,,
SLL,"6,527.670000000",01/12/2010,,,,
SLL,"6,934.610000000",01/12/2011,,,,
SLL,"6,950.280000000",01/12/2012,,,,
SLL,"7,090.310000000",01/12/2013,,,,
SLL,"6,867.140000000",01/12/2014,,,,
SLL,"6,394.512000000",01/12/2015,,,,
SLL,"6,984.186400000",01/12/2016,,,,
SLL,"6,825.960000000",01/2/2011,,,,
SLL,"6,888.330000000",01/2/2012,,,,
SLL,"6,858.560000000",01/2/2013,,,,
SLL,"7,113.680000000",01/2/2014,,,,
SLL,"6,403.050000000",01/2/2015,,,,
SLL,"5,858.405800000",01/2/2016,,,,
SLL,"9,463.423900000",01/2/2017,,,,
SLL,"6,948.240000000",01/3/2011,,,,
SLL,"6,952.930000000",01/3/2011,,,,
SLL,"6,967.150000000",01/3/2012,,,,
SLL,"6,950.140000000",01/3/2012,,,,
SLL,"6,564.310000000",01/3/2013,,,,
SLL,"6,558.260000000",01/3/2013,,,,
SLL,"7,271.520000000",01/3/2014,,,,
SLL,"7,214.600000000",01/3/2014,,,,
SLL,"6,674.340000000",01/3/2015,,,,
SLL,"6,464.976600000",01/3/2015,,,,
SLL,"5,681.676100000",01/3/2016,,,,
SLL,"5,742.008100000",01/3/2016,,,,
SLL,"6,952.930000000",01/4/2011,,,,
SLL,"6,950.140000000",01/4/2012,,,,
SLL,"6,558.260000000",01/4/2013,,,,
SLL,"7,214.600000000",01/4/2014,,,,
SLL,"6,464.976600000",01/4/2015,,,,
SLL,"5,742.008100000",01/4/2016,,,,
SLL,"7,263.060000000",01/5/2011,,,,
SLL,"7,057.650000000",01/5/2012,,,,
SLL,"7,310.590000000",01/5/2014,,,,
SLL,"6,700.270800000",01/5/2015,,,,
SLL,"5,781.964400000",01/5/2016,,,,
SLL,"5,712.470000000",01/6/2010,,,,
SLL,"7,143.710000000",01/6/2011,,,,
SLL,"6,681.210000000",01/6/2012,,,,
SLL,"6,556.780000000",01/6/2013,,,,
SLL,"7,260.420000000",01/6/2014,,,,
SLL,"6,630.248900000",01/6/2015,,,,
SLL,"5,744.851600000",01/6/2016,,,,
SLL,"5,843.430000000",01/7/2010,,,,
SLL,"7,013.400000000",01/7/2011,,,,
SLL,"6,788.620000000",01/7/2012,,,,
SLL,"7,440.420000000",01/7/2014,,,,
SLL,"6,699.696200000",01/7/2015,,,,
SLL,"6,891.162400000",01/7/2016,,,,
SLL,"6,133.390000000",01/8/2010,,,,
SLL,"7,184.520000000",01/8/2011,,,,
SLL,"6,787.620000000",01/8/2012,,,,
SLL,"6,556.620000000",01/8/2013,,,,
SLL,"7,358.460000000",01/8/2014,,,,
SLL,"6,128.096800000",01/8/2015,,,,
SLL,"7,362.122200000",01/8/2016,,,,
SLL,"6,103.370000000",01/9/2010,,,,
SLL,"7,172.110000000",01/9/2011,,,,
SLL,"6,885.060000000",01/9/2012,,,,
SLL,"6,683.390000000",01/9/2013,,,,
SLL,"7,265.790000000",01/9/2014,,,,
SLL,"7,120.924700000",01/9/2015,,,,
SLL,"7,367.101200000",01/9/2016,,,,
SZL,10.358000000,01/1/2011,,,,
SZL,12.546900000,01/1/2012,,,,
SZL,13.791400000,01/1/2013,,,,
SZL,10.990100000,01/10/2010,,,,
SZL,12.523300000,01/10/2011,,,,
SZL,13.324000000,01/10/2012,,,,
SZL,11.123000000,01/11/2010,,,,
SZL,12.745800000,01/11/2011,,,,
SZL,14.014900000,01/11/2012,,,,
SZL,11.045200000,01/12/2010,,,,
SZL,12.737800000,01/12/2011,,,,
SZL,14.234600000,01/12/2012,,,,
SZL,11.500600000,01/2/2011,,,,
SZL,12.307500000,01/2/2012,,,,
SZL,14.163100000,01/2/2013,,,,
SZL,11.286400000,01/3/2011,,,,
SZL,10.835100000,01/3/2011,,,,
SZL,11.901400000,01/3/2012,,,,
SZL,12.262000000,01/3/2012,,,,
SZL,13.620100000,01/3/2013,,,,
SZL,13.931000000,01/3/2013,,,,
SZL,10.835100000,01/4/2011,,,,
SZL,12.262000000,01/4/2012,,,,
SZL,13.931000000,01/4/2013,,,,
SZL,10.987100000,01/5/2011,,,,
SZL,12.585100000,01/5/2012,,,,
SZL,11.173200000,01/6/2010,,,,
SZL,11.237800000,01/6/2011,,,,
SZL,13.177200000,01/6/2012,,,,
SZL,11.468800000,01/7/2010,,,,
SZL,10.883400000,01/7/2011,,,,
SZL,12.827600000,01/7/2012,,,,
SZL,11.438500000,01/8/2010,,,,
SZL,11.015200000,01/8/2011,,,,
SZL,12.871400000,01/8/2012,,,,
SZL,11.335800000,01/9/2010,,,,
SZL,11.395700000,01/9/2011,,,,
SZL,13.387500000,01/9/2012,,,,
TZS,"2,163.090000000",01/1/2010,,,,
TZS,"2,356.300000000",01/1/2011,,,,
TZS,"2,458.590000000",01/1/2012,,,,
TZS,"2,576.420000000",01/1/2013,,,,
TZS,"2,628.470000000",01/1/2014,,,,
TZS,"2,702.180000000",01/1/2015,,,,
TZS,"3,183.634600000",01/1/2016,,,,
TZS,"2,694.955100000",01/1/2017,,,,
TZS,"2,094.350000000",01/10/2009,,,,
TZS,"2,363.700000000",01/10/2010,,,,
TZS,"2,584.390000000",01/10/2011,,,,
TZS,"2,544.930000000",01/10/2012,,,,
TZS,"2,599.140000000",01/10/2013,,,,
TZS,"2,718.670000000",01/10/2014,,,,
TZS,"3,271.885100000",01/10/2015,,,,
TZS,"2,833.130100000",01/10/2016,,,,
TZS,"2,183.240000000",01/11/2009,,,,
TZS,"2,389.410000000",01/11/2010,,,,
TZS,"2,776.250000000",01/11/2011,,,,
TZS,"2,556.740000000",01/11/2012,,,,
TZS,"2,580.200000000",01/11/2013,,,,
TZS,"2,730.950000000",01/11/2014,,,,
TZS,"3,351.352400000",01/11/2015,,,,
TZS,"2,667.659700000",01/11/2016,,,,
TZS,"2,190.870000000",01/12/2009,,,,
TZS,"2,311.110000000",01/12/2010,,,,
TZS,"2,647.020000000",01/12/2011,,,,
TZS,"2,565.840000000",01/12/2012,,,,
TZS,"2,643.810000000",01/12/2013,,,,
TZS,"2,726.490000000",01/12/2014,,,,
TZS,"3,258.972300000",01/12/2015,,,,
TZS,"2,723.706900000",01/12/2016,,,,
TZS,"2,140.010000000",01/2/2010,,,,
TZS,"2,411.440000000",01/2/2011,,,,
TZS,"2,512.260000000",01/2/2012,,,,
TZS,"2,565.260000000",01/2/2013,,,,
TZS,"2,668.960000000",01/2/2014,,,,
TZS,"2,651.616000000",01/2/2015,,,,
TZS,"3,102.260400000",01/2/2016,,,,
TZS,"2,811.852000000",01/2/2017,,,,
TZS,"1,902.770000000",01/3/2009,,,,
TZS,"2,074.270000000",01/3/2010,,,,
TZS,"2,057.680000000",01/3/2010,,,,
TZS,"2,468.210000000",01/3/2011,,,,
TZS,"2,405.230000000",01/3/2011,,,,
TZS,"2,555.920000000",01/3/2012,,,,
TZS,"2,545.220000000",01/3/2012,,,,
TZS,"2,462.120000000",01/3/2013,,,,
TZS,"2,459.890000000",01/3/2013,,,,
TZS,"2,723.260000000",01/3/2014,,,,
TZS,"2,730.790000000",01/3/2014,,,,
TZS,"2,824.056000000",01/3/2015,,,,
TZS,"2,753.737600000",01/3/2015,,,,
TZS,"3,050.573600000",01/3/2016,,,,
TZS,"3,142.651900000",01/3/2016,,,,
TZS,"1,902.770000000",01/4/2009,,,,
TZS,"2,057.680000000",01/4/2010,,,,
TZS,"2,405.230000000",01/4/2011,,,,
TZS,"2,545.220000000",01/4/2012,,,,
TZS,"2,459.890000000",01/4/2013,,,,
TZS,"2,730.790000000",01/4/2014,,,,
TZS,"2,753.737600000",01/4/2015,,,,
TZS,"3,142.651900000",01/4/2016,,,,
TZS,"1,984.130000000",01/5/2009,,,,
TZS,"2,120.720000000",01/5/2010,,,,
TZS,"2,519.440000000",01/5/2011,,,,
TZS,"2,573.800000000",01/5/2012,,,,
TZS,"2,533.820000000",01/5/2013,,,,
TZS,"2,781.040000000",01/5/2014,,,,
TZS,"3,062.761800000",01/5/2015,,,,
TZS,"3,209.599000000",01/5/2016,,,,
TZS,"2,135.820000000",01/6/2009,,,,
TZS,"2,099.510000000",01/6/2010,,,,
TZS,"2,530.650000000",01/6/2011,,,,
TZS,"2,447.250000000",01/6/2012,,,,
TZS,"2,475.790000000",01/6/2013,,,,
TZS,"2,792.790000000",01/6/2014,,,,
TZS,"3,181.603700000",01/6/2015,,,,
TZS,"3,188.269200000",01/6/2016,,,,
TZS,"2,165.610000000",01/7/2009,,,,
TZS,"2,203.010000000",01/7/2010,,,,
TZS,"2,592.000000000",01/7/2011,,,,
TZS,"2,465.600000000",01/7/2012,,,,
TZS,"2,464.640000000",01/7/2013,,,,
TZS,"2,834.930000000",01/7/2014,,,,
TZS,"3,137.532500000",01/7/2015,,,,
TZS,"2,927.572700000",01/7/2016,,,,
TZS,"2,201.630000000",01/8/2009,,,,
TZS,"2,364.810000000",01/8/2010,,,,
TZS,"2,617.370000000",01/8/2011,,,,
TZS,"2,473.980000000",01/8/2012,,,,
TZS,"2,457.520000000",01/8/2013,,,,
TZS,"2,802.580000000",01/8/2014,,,,
TZS,"3,316.064400000",01/8/2015,,,,
TZS,"2,903.689000000",01/8/2016,,,,
TZS,"2,143.190000000",01/9/2009,,,,
TZS,"2,339.160000000",01/9/2010,,,,
TZS,"2,637.770000000",01/9/2011,,,,
TZS,"2,496.890000000",01/9/2012,,,,
TZS,"2,499.790000000",01/9/2013,,,,
TZS,"2,768.470000000",01/9/2014,,,,
TZS,"3,285.635800000",01/9/2015,,,,
TZS,"2,863.018600000",01/9/2016,,,,
UGX,"3,068.220000000",01/1/2010,,,,
UGX,"3,615.870000000",01/1/2011,,,,
UGX,"3,854.170000000",01/1/2012,,,,
UGX,"4,372.600000000",01/1/2013,,,,
UGX,"4,178.720000000",01/1/2014,,,,
UGX,"4,311.330000000",01/1/2015,,,,
UGX,"4,970.008500000",01/1/2016,,,,
UGX,"4,460.701200000",01/1/2017,,,,
UGX,"3,075.550000000",01/10/2009,,,,
UGX,"3,537.670000000",01/10/2010,,,,
UGX,"4,431.940000000",01/10/2011,,,,
UGX,"4,125.820000000",01/10/2012,,,,
UGX,"4,145.670000000",01/10/2013,,,,
UGX,"4,296.050000000",01/10/2014,,,,
UGX,"5,594.014400000",01/10/2015,,,,
UGX,"4,402.328800000",01/10/2016,,,,
UGX,"3,099.720000000",01/11/2009,,,,
UGX,"3,651.660000000",01/11/2010,,,,
UGX,"4,164.380000000",01/11/2011,,,,
UGX,"4,156.510000000",01/11/2012,,,,
UGX,"4,056.670000000",01/11/2013,,,,
UGX,"4,327.600000000",01/11/2014,,,,
UGX,"5,490.348500000",01/11/2015,,,,
UGX,"4,224.303800000",01/11/2016,,,,
UGX,"3,075.420000000",01/12/2009,,,,
UGX,"3,611.500000000",01/12/2010,,,,
UGX,"4,018.510000000",01/12/2011,,,,
UGX,"4,295.100000000",01/12/2012,,,,
UGX,"4,136.080000000",01/12/2013,,,,
UGX,"4,345.790000000",01/12/2014,,,,
UGX,"5,042.752500000",01/12/2015,,,,
UGX,"4,535.346900000",01/12/2016,,,,
UGX,"3,124.680000000",01/2/2010,,,,
UGX,"3,704.050000000",01/2/2011,,,,
UGX,"3,661.080000000",01/2/2012,,,,
UGX,"4,217.300000000",01/2/2013,,,,
UGX,"4,067.540000000",01/2/2014,,,,
UGX,"4,293.810000000",01/2/2015,,,,
UGX,"4,925.033600000",01/2/2016,,,,
UGX,"4,510.286600000",01/2/2017,,,,
UGX,"3,017.200000000",01/3/2009,,,,
UGX,"3,109.500000000",01/3/2010,,,,
UGX,"3,155.150000000",01/3/2010,,,,
UGX,"3,843.420000000",01/3/2011,,,,
UGX,"3,847.080000000",01/3/2011,,,,
UGX,"3,801.930000000",01/3/2012,,,,
UGX,"4,026.330000000",01/3/2012,,,,
UGX,"4,022.570000000",01/3/2013,,,,
UGX,"3,940.380000000",01/3/2013,,,,
UGX,"4,248.280000000",01/3/2014,,,,
UGX,"4,247.900000000",01/3/2014,,,,
UGX,"4,452.130000000",01/3/2015,,,,
UGX,"4,431.217800000",01/3/2015,,,,
UGX,"4,660.173200000",01/3/2016,,,,
UGX,"4,848.007700000",01/3/2016,,,,
UGX,"3,017.200000000",01/4/2009,,,,
UGX,"3,155.150000000",01/4/2010,,,,
UGX,"3,847.080000000",01/4/2011,,,,
UGX,"4,026.330000000",01/4/2012,,,,
UGX,"3,940.380000000",01/4/2013,,,,
UGX,"4,247.900000000",01/4/2014,,,,
UGX,"4,431.217800000",01/4/2015,,,,
UGX,"4,848.007700000",01/4/2016,,,,
UGX,"3,297.010000000",01/5/2009,,,,
UGX,"3,248.040000000",01/5/2010,,,,
UGX,"3,969.720000000",01/5/2011,,,,
UGX,"4,067.750000000",01/5/2012,,,,
UGX,"4,031.080000000",01/5/2013,,,,
UGX,"4,261.060000000",01/5/2014,,,,
UGX,"4,602.595800000",01/5/2015,,,,
UGX,"4,863.472600000",01/5/2016,,,,
UGX,"3,604.050000000",01/6/2009,,,,
UGX,"3,203.760000000",01/6/2010,,,,
UGX,"3,942.050000000",01/6/2011,,,,
UGX,"3,840.180000000",01/6/2012,,,,
UGX,"3,931.250000000",01/6/2013,,,,
UGX,"4,290.660000000",01/6/2014,,,,
UGX,"4,661.774300000",01/6/2015,,,,
UGX,"4,890.475400000",01/6/2016,,,,
UGX,"3,384.280000000",01/7/2009,,,,
UGX,"3,411.110000000",01/7/2010,,,,
UGX,"4,158.120000000",01/7/2011,,,,
UGX,"3,881.920000000",01/7/2012,,,,
UGX,"3,932.800000000",01/7/2013,,,,
UGX,"4,445.610000000",01/7/2014,,,,
UGX,"5,194.621700000",01/7/2015,,,,
UGX,"4,549.102100000",01/7/2016,,,,
UGX,"3,486.460000000",01/8/2009,,,,
UGX,"3,492.400000000",01/8/2010,,,,
UGX,"4,284.320000000",01/8/2011,,,,
UGX,"3,893.500000000",01/8/2012,,,,
UGX,"3,914.440000000",01/8/2013,,,,
UGX,"4,423.350000000",01/8/2014,,,,
UGX,"5,344.715400000",01/8/2015,,,,
UGX,"4,487.639500000",01/8/2016,,,,
UGX,"3,341.090000000",01/9/2009,,,,
UGX,"3,488.760000000",01/9/2010,,,,
UGX,"4,598.180000000",01/9/2011,,,,
UGX,"3,986.760000000",01/9/2012,,,,
UGX,"4,011.110000000",01/9/2013,,,,
UGX,"4,326.260000000",01/9/2014,,,,
UGX,"5,577.904400000",01/9/2015,,,,
UGX,"4,420.258800000",01/9/2016,,,,
USD,1.614900000,01/1/2010,,,,
USD,1.565700000,01/1/2011,,,,
USD,1.554100000,01/1/2012,,,,
USD,1.625500000,01/1/2013,,,,
USD,1.656300000,01/1/2014,,,,
USD,1.559300000,01/1/2015,,,,
USD,1.473900000,01/1/2016,,,,
USD,1.235700000,01/1/2017,,,,
USD,1.599400000,01/10/2009,,,,
USD,1.575800000,01/10/2010,,,,
USD,1.557800000,01/10/2011,,,,
USD,1.614800000,01/10/2012,,,,
USD,1.619400000,01/10/2013,,,,
USD,1.621200000,01/10/2014,,,,
USD,1.514800000,01/10/2015,,,,
USD,1.299000000,01/10/2016,,,,
USD,1.648400000,01/11/2009,,,,
USD,1.598800000,01/11/2010,,,,
USD,1.614100000,01/11/2011,,,,
USD,1.611100000,01/11/2012,,,,
USD,1.606600000,01/11/2013,,,,
USD,1.599900000,01/11/2014,,,,
USD,1.544400000,01/11/2015,,,,
USD,1.220900000,01/11/2016,,,,
USD,1.641100000,01/12/2009,,,,
USD,1.557400000,01/12/2010,,,,
USD,1.572800000,01/12/2011,,,,
USD,1.602700000,01/12/2012,,,,
USD,1.638100000,01/12/2013,,,,
USD,1.566100000,01/12/2014,,,,
USD,1.505300000,01/12/2015,,,,
USD,1.249400000,01/12/2016,,,,
USD,1.602400000,01/2/2010,,,,
USD,1.601800000,01/2/2011,,,,
USD,1.578100000,01/2/2012,,,,
USD,1.585500000,01/2/2013,,,,
USD,1.643500000,01/2/2014,,,,
USD,1.506600000,01/2/2015,,,,
USD,1.418500000,01/2/2016,,,,
USD,1.258100000,01/2/2017,,,,
USD,1.433400000,01/3/2009,,,,
USD,1.522400000,01/3/2010,,,,
USD,1.516900000,01/3/2010,,,,
USD,1.626500000,01/3/2011,,,,
USD,1.603000000,01/3/2011,,,,
USD,1.597500000,01/3/2012,,,,
USD,1.597800000,01/3/2012,,,,
USD,1.518000000,01/3/2013,,,,
USD,1.518500000,01/3/2013,,,,
USD,1.675900000,01/3/2014,,,,
USD,1.667200000,01/3/2014,,,,
USD,1.543200000,01/3/2015,,,,
USD,1.484500000,01/3/2015,,,,
USD,1.393600000,01/3/2016,,,,
USD,1.437300000,01/3/2016,,,,
USD,1.433400000,01/4/2009,,,,
USD,1.516900000,01/4/2010,,,,
USD,1.603000000,01/4/2011,,,,
USD,1.597800000,01/4/2012,,,,
USD,1.518500000,01/4/2013,,,,
USD,1.667200000,01/4/2014,,,,
USD,1.484500000,01/4/2015,,,,
USD,1.437300000,01/4/2016,,,,
USD,1.481800000,01/5/2009,,,,
USD,1.530700000,01/5/2010,,,,
USD,1.668000000,01/5/2011,,,,
USD,1.623900000,01/5/2012,,,,
USD,1.556400000,01/5/2013,,,,
USD,1.688600000,01/5/2014,,,,
USD,1.536800000,01/5/2015,,,,
USD,1.464900000,01/5/2016,,,,
USD,1.612600000,01/6/2009,,,,
USD,1.453000000,01/6/2010,,,,
USD,1.646000000,01/6/2011,,,,
USD,1.539200000,01/6/2012,,,,
USD,1.516100000,01/6/2013,,,,
USD,1.677400000,01/6/2014,,,,
USD,1.525900000,01/6/2015,,,,
USD,1.455500000,01/6/2016,,,,
USD,1.646900000,01/7/2009,,,,
USD,1.496100000,01/7/2010,,,,
USD,1.605500000,01/7/2011,,,,
USD,1.568500000,01/7/2012,,,,
USD,1.516700000,01/7/2013,,,,
USD,1.709900000,01/7/2014,,,,
USD,1.572700000,01/7/2015,,,,
USD,1.336800000,01/7/2016,,,,
USD,1.657900000,01/8/2009,,,,
USD,1.566100000,01/8/2010,,,,
USD,1.641500000,01/8/2011,,,,
USD,1.566800000,01/8/2012,,,,
USD,1.516100000,01/8/2013,,,,
USD,1.688300000,01/8/2014,,,,
USD,1.560500000,01/8/2015,,,,
USD,1.327700000,01/8/2016,,,,
USD,1.629800000,01/9/2009,,,,
USD,1.536900000,01/9/2010,,,,
USD,1.628300000,01/9/2011,,,,
USD,1.588400000,01/9/2012,,,,
USD,1.546900000,01/9/2013,,,,
USD,1.660800000,01/9/2014,,,,
USD,1.535300000,01/9/2015,,,,
USD,1.309700000,01/9/2016,,,,
XOF,738.297000000,01/1/2010,,,,
XOF,765.532000000,01/1/2011,,,,
XOF,785.289000000,01/1/2012,,,,
XOF,808.752000000,01/1/2013,,,,
XOF,788.438000000,01/1/2014,,,,
XOF,845.255000000,01/1/2015,,,,
XOF,890.010200000,01/1/2016,,,,
XOF,768.460700000,01/1/2017,,,,
XOF,717.729000000,01/10/2009,,,,
XOF,757.147000000,01/10/2010,,,,
XOF,761.608000000,01/10/2011,,,,
XOF,823.350000000,01/10/2012,,,,
XOF,784.735000000,01/10/2013,,,,
XOF,841.801000000,01/10/2014,,,,
XOF,890.139600000,01/10/2015,,,,
XOF,758.223400000,01/10/2016,,,,
XOF,732.825000000,01/11/2009,,,,
XOF,754.546000000,01/11/2010,,,,
XOF,759.091000000,01/11/2011,,,,
XOF,815.542000000,01/11/2012,,,,
XOF,775.182000000,01/11/2013,,,,
XOF,837.603000000,01/11/2014,,,,
XOF,917.087800000,01/11/2015,,,,
XOF,730.574600000,01/11/2016,,,,
XOF,717.015000000,01/12/2009,,,,
XOF,784.755000000,01/12/2010,,,,
XOF,766.400000000,01/12/2011,,,,
XOF,808.296000000,01/12/2012,,,,
XOF,789.167000000,01/12/2013,,,,
XOF,824.018000000,01/12/2014,,,,
XOF,934.915700000,01/12/2015,,,,
XOF,772.583900000,01/12/2016,,,,
XOF,756.218000000,01/2/2010,,,,
XOF,766.360000000,01/2/2011,,,,
XOF,790.751000000,01/2/2012,,,,
XOF,766.161000000,01/2/2013,,,,
XOF,799.401000000,01/2/2014,,,,
XOF,875.430000000,01/2/2015,,,,
XOF,859.918800000,01/2/2016,,,,
XOF,763.633700000,01/2/2017,,,,
XOF,708.154000000,01/3/2009,,,,
XOF,731.757000000,01/3/2010,,,,
XOF,735.364000000,01/3/2010,,,,
XOF,772.454000000,01/3/2011,,,,
XOF,740.939000000,01/3/2011,,,,
XOF,783.329000000,01/3/2012,,,,
XOF,787.006000000,01/3/2012,,,,
XOF,761.625000000,01/3/2013,,,,
XOF,775.670000000,01/3/2013,,,,
XOF,795.921000000,01/3/2014,,,,
XOF,793.455000000,01/3/2014,,,,
XOF,903.728800000,01/3/2015,,,,
XOF,906.670900000,01/3/2015,,,,
XOF,841.320400000,01/3/2016,,,,
XOF,827.349000000,01/3/2016,,,,
XOF,708.154000000,01/4/2009,,,,
XOF,735.364000000,01/4/2010,,,,
XOF,740.939000000,01/4/2011,,,,
XOF,787.006000000,01/4/2012,,,,
XOF,775.670000000,01/4/2013,,,,
XOF,793.455000000,01/4/2014,,,,
XOF,906.670900000,01/4/2015,,,,
XOF,827.349000000,01/4/2016,,,,
XOF,733.527000000,01/5/2009,,,,
XOF,755.117000000,01/5/2010,,,,
XOF,737.465000000,01/5/2011,,,,
XOF,804.787000000,01/5/2012,,,,
XOF,774.372000000,01/5/2013,,,,
XOF,798.829000000,01/5/2014,,,,
XOF,899.601200000,01/5/2015,,,,
XOF,838.968100000,01/5/2016,,,,
XOF,747.298000000,01/6/2009,,,,
XOF,776.719000000,01/6/2010,,,,
XOF,751.024000000,01/6/2011,,,,
XOF,816.544000000,01/6/2012,,,,
XOF,767.358000000,01/6/2013,,,,
XOF,806.324000000,01/6/2014,,,,
XOF,912.990200000,01/6/2015,,,,
XOF,857.618900000,01/6/2016,,,,
XOF,770.159000000,01/7/2009,,,,
XOF,801.190000000,01/7/2010,,,,
XOF,726.355000000,01/7/2011,,,,
XOF,810.713000000,01/7/2012,,,,
XOF,765.388000000,01/7/2013,,,,
XOF,819.186000000,01/7/2014,,,,
XOF,925.886100000,01/7/2015,,,,
XOF,789.304200000,01/7/2016,,,,
XOF,767.045000000,01/8/2009,,,,
XOF,788.528000000,01/8/2010,,,,
XOF,749.307000000,01/8/2011,,,,
XOF,834.520000000,01/8/2012,,,,
XOF,748.928000000,01/8/2013,,,,
XOF,827.692000000,01/8/2014,,,,
XOF,926.479900000,01/8/2015,,,,
XOF,778.821100000,01/8/2016,,,,
XOF,744.977000000,01/9/2009,,,,
XOF,793.218000000,01/9/2010,,,,
XOF,741.813000000,01/9/2011,,,,
XOF,826.568000000,01/9/2012,,,,
XOF,769.528000000,01/9/2013,,,,
XOF,827.043000000,01/9/2014,,,,
XOF,897.490900000,01/9/2015,,,,
XOF,771.367900000,01/9/2016,,,,
ZAR,11.891400000,01/1/2010,,,,
ZAR,10.358000000,01/1/2011,,,,
ZAR,12.546900000,01/1/2012,,,,
ZAR,13.791400000,01/1/2013,,,,
ZAR,17.347200000,01/1/2014,,,,
ZAR,18.038600000,01/1/2015,,,,
ZAR,22.838900000,01/1/2016,,,,
ZAR,16.897500000,01/1/2017,,,,
ZAR,12.119100000,01/10/2009,,,,
ZAR,10.990100000,01/10/2010,,,,
ZAR,12.523300000,01/10/2011,,,,
ZAR,13.324000000,01/10/2012,,,,
ZAR,16.297200000,01/10/2013,,,,
ZAR,18.316200000,01/10/2014,,,,
ZAR,20.944600000,01/10/2015,,,,
ZAR,17.862900000,01/10/2016,,,,
ZAR,12.901600000,01/11/2009,,,,
ZAR,11.123000000,01/11/2010,,,,
ZAR,12.745800000,01/11/2011,,,,
ZAR,14.014900000,01/11/2012,,,,
ZAR,16.074900000,01/11/2013,,,,
ZAR,17.673600000,01/11/2014,,,,
ZAR,21.323000000,01/11/2015,,,,
ZAR,16.460700000,01/11/2016,,,,
ZAR,12.197100000,01/12/2009,,,,
ZAR,11.045200000,01/12/2010,,,,
ZAR,12.737800000,01/12/2011,,,,
ZAR,14.234600000,01/12/2012,,,,
ZAR,16.653300000,01/12/2013,,,,
ZAR,17.299400000,01/12/2014,,,,
ZAR,21.706400000,01/12/2015,,,,
ZAR,17.524500000,01/12/2016,,,,
ZAR,12.090100000,01/2/2010,,,,
ZAR,11.500600000,01/2/2011,,,,
ZAR,12.307500000,01/2/2012,,,,
ZAR,14.163100000,01/2/2013,,,,
ZAR,18.355300000,01/2/2014,,,,
ZAR,17.542100000,01/2/2015,,,,
ZAR,22.554200000,01/2/2016,,,,
ZAR,16.959200000,01/2/2017,,,,
ZAR,13.631200000,01/3/2009,,,,
ZAR,11.668500000,01/3/2010,,,,
ZAR,11.140100000,01/3/2010,,,,
ZAR,11.286400000,01/3/2011,,,,
ZAR,10.835100000,01/3/2011,,,,
ZAR,11.901400000,01/3/2012,,,,
ZAR,12.262000000,01/3/2012,,,,
ZAR,13.620100000,01/3/2013,,,,
ZAR,13.931000000,01/3/2013,,,,
ZAR,18.001600000,01/3/2014,,,,
ZAR,17.535000000,01/3/2014,,,,
ZAR,17.998300000,01/3/2015,,,,
ZAR,17.986500000,01/3/2015,,,,
ZAR,21.997700000,01/3/2016,,,,
ZAR,21.139800000,01/3/2016,,,,
ZAR,13.631200000,01/4/2009,,,,
ZAR,11.140100000,01/4/2010,,,,
ZAR,10.835100000,01/4/2011,,,,
ZAR,12.262000000,01/4/2012,,,,
ZAR,13.931000000,01/4/2013,,,,
ZAR,17.535000000,01/4/2014,,,,
ZAR,17.986500000,01/4/2015,,,,
ZAR,21.139800000,01/4/2016,,,,
ZAR,12.560100000,01/5/2009,,,,
ZAR,11.262800000,01/5/2010,,,,
ZAR,10.987100000,01/5/2011,,,,
ZAR,12.585100000,01/5/2012,,,,
ZAR,13.980200000,01/5/2013,,,,
ZAR,17.782400000,01/5/2014,,,,
ZAR,18.373700000,01/5/2015,,,,
ZAR,20.773400000,01/5/2016,,,,
ZAR,12.960900000,01/6/2009,,,,
ZAR,11.173200000,01/6/2010,,,,
ZAR,11.237800000,01/6/2011,,,,
ZAR,13.177200000,01/6/2012,,,,
ZAR,15.251600000,01/6/2013,,,,
ZAR,17.752700000,01/6/2014,,,,
ZAR,18.567400000,01/6/2015,,,,
ZAR,22.892100000,01/6/2016,,,,
ZAR,12.717800000,01/7/2009,,,,
ZAR,11.468800000,01/7/2010,,,,
ZAR,10.883400000,01/7/2011,,,,
ZAR,12.827600000,01/7/2012,,,,
ZAR,15.056600000,01/7/2013,,,,
ZAR,18.190700000,01/7/2014,,,,
ZAR,19.089000000,01/7/2015,,,,
ZAR,19.577300000,01/7/2016,,,,
ZAR,12.995700000,01/8/2009,,,,
ZAR,11.438500000,01/8/2010,,,,
ZAR,11.015200000,01/8/2011,,,,
ZAR,12.871400000,01/8/2012,,,,
ZAR,15.023000000,01/8/2013,,,,
ZAR,18.092700000,01/8/2014,,,,
ZAR,19.688800000,01/8/2015,,,,
ZAR,18.406000000,01/8/2016,,,,
ZAR,12.694300000,01/9/2009,,,,
ZAR,11.335800000,01/9/2010,,,,
ZAR,11.395700000,01/9/2011,,,,
ZAR,13.387500000,01/9/2012,,,,
ZAR,15.841800000,01/9/2013,,,,
ZAR,17.662800000,01/9/2014,,,,
ZAR,20.321000000,01/9/2015,,,,
ZAR,19.271200000,01/9/2016,,,,
ZMK,"7,494.520000000",01/1/2010,,,,
ZMK,"7,515.130000000",01/1/2011,,,,
ZMK,"7,964.760000000",01/1/2012,,,,
ZMK,"7,548.940000000",01/10/2009,,,,
ZMK,"7,634.750000000",01/10/2010,,,,
ZMK,"7,511.710000000",01/10/2011,,,,
ZMK,"8,235.480000000",01/10/2012,,,,
ZMK,"7,640.100000000",01/11/2009,,,,
ZMK,"7,434.420000000",01/11/2010,,,,
ZMK,"7,917.160000000",01/11/2011,,,,
ZMK,"8,512.390000000",01/11/2012,,,,
ZMK,"7,676.250000000",01/12/2009,,,,
ZMK,"7,701.100000000",01/12/2010,,,,
ZMK,"8,005.560000000",01/12/2011,,,,
ZMK,"8,349.810000000",01/12/2012,,,,
ZMK,"7,314.960000000",01/2/2010,,,,
ZMK,"7,752.480000000",01/2/2011,,,,
ZMK,"8,119.070000000",01/2/2012,,,,
ZMK,"8,026.760000000",01/3/2009,,,,
ZMK,"7,223.790000000",01/3/2010,,,,
ZMK,"7,114.260000000",01/3/2010,,,,
ZMK,"7,742.140000000",01/3/2011,,,,
ZMK,"7,549.900000000",01/3/2011,,,,
ZMK,"8,386.620000000",01/3/2012,,,,
ZMK,"8,436.120000000",01/3/2012,,,,
ZMK,"8,026.760000000",01/4/2009,,,,
ZMK,"7,114.260000000",01/4/2010,,,,
ZMK,"7,549.900000000",01/4/2011,,,,
ZMK,"8,436.120000000",01/4/2012,,,,
ZMK,"8,372.170000000",01/5/2009,,,,
ZMK,"7,262.940000000",01/5/2010,,,,
ZMK,"7,847.710000000",01/5/2011,,,,
ZMK,"8,525.220000000",01/5/2012,,,,
ZMK,"8,224.010000000",01/6/2009,,,,
ZMK,"7,264.750000000",01/6/2010,,,,
ZMK,"7,836.370000000",01/6/2011,,,,
ZMK,"8,226.760000000",01/6/2012,,,,
ZMK,"8,514.220000000",01/7/2009,,,,
ZMK,"7,742.320000000",01/7/2010,,,,
ZMK,"7,762.350000000",01/7/2011,,,,
ZMK,"8,077.520000000",01/7/2012,,,,
ZMK,"8,330.700000000",01/8/2009,,,,
ZMK,"7,614.380000000",01/8/2010,,,,
ZMK,"7,870.990000000",01/8/2011,,,,
ZMK,"7,771.330000000",01/8/2012,,,,
ZMK,"7,554.130000000",01/9/2009,,,,
ZMK,"7,576.920000000",01/9/2010,,,,
ZMK,"8,076.120000000",01/9/2011,,,,
ZMK,"7,941.750000000",01/9/2012,,,,
ZMW,8.532900000,01/1/2013,,,,
ZMW,9.183900000,01/1/2014,,,,
ZMW,9.979200000,01/1/2015,,,,
ZMW,16.212900000,01/1/2016,,,,
ZMW,12.263800000,01/1/2017,,,,
ZMW,8.623300000,01/10/2013,,,,
ZMW,10.180800000,01/10/2014,,,,
ZMW,18.146800000,01/10/2015,,,,
ZMW,13.022500000,01/10/2016,,,,
ZMW,8.796200000,01/11/2013,,,,
ZMW,10.031100000,01/11/2014,,,,
ZMW,19.428600000,01/11/2015,,,,
ZMW,11.720600000,01/11/2016,,,,
ZMW,9.066600000,01/12/2013,,,,
ZMW,9.881800000,01/12/2014,,,,
ZMW,15.594900000,01/12/2015,,,,
ZMW,12.344100000,01/12/2016,,,,
ZMW,8.553500000,01/2/2013,,,,
ZMW,9.178700000,01/2/2014,,,,
ZMW,9.792900000,01/2/2015,,,,
ZMW,15.972300000,01/2/2016,,,,
ZMW,12.486600000,01/2/2017,,,,
ZMW,8.121100000,01/3/2013,,,,
ZMW,8.193600000,01/3/2013,,,,
ZMW,9.761800000,01/3/2014,,,,
ZMW,10.253000000,01/3/2014,,,,
ZMW,10.632600000,01/3/2015,,,,
ZMW,11.341500000,01/3/2015,,,,
ZMW,15.866000000,01/3/2016,,,,
ZMW,15.803100000,01/3/2016,,,,
ZMW,8.193600000,01/4/2013,,,,
ZMW,10.253000000,01/4/2014,,,,
ZMW,11.341500000,01/4/2015,,,,
ZMW,15.803100000,01/4/2016,,,,
ZMW,8.233400000,01/5/2013,,,,
ZMW,10.654800000,01/5/2014,,,,
ZMW,11.464200000,01/5/2015,,,,
ZMW,14.063000000,01/5/2016,,,,
ZMW,8.103600000,01/6/2013,,,,
ZMW,11.447900000,01/6/2014,,,,
ZMW,11.101300000,01/6/2015,,,,
ZMW,15.282700000,01/6/2016,,,,
ZMW,8.319100000,01/7/2013,,,,
ZMW,10.780600000,01/7/2014,,,,
ZMW,11.795200000,01/7/2015,,,,
ZMW,13.367900000,01/7/2016,,,,
ZMW,8.308000000,01/8/2013,,,,
ZMW,10.349300000,01/8/2014,,,,
ZMW,11.976800000,01/8/2015,,,,
ZMW,13.675300000,01/8/2016,,,,
ZMW,8.306900000,01/9/2013,,,,
ZMW,9.972800000,01/9/2014,,,,
ZMW,13.188600000,01/9/2015,,,,
ZMW,12.520800000,01/9/2016,,,,
,,,,,,
,,,,,,
,,,,,,
,,,,,,
,,,,,,
,,,,,,
,,,,,,
,,,,,,
,,,,,,
,,,,,,
,,,,,,
,,,,,,
,,,,,,
,,,,,,
,,,,,,
,,,,,,
,,,,,,
,,,,,,
,,,,,,
,,,,,,
,,,,,,
,,,,,,
,,,,,,
,,,,,,
,,,,,,
,,,,,,
,,,,,,
,,,,,,
,,,,,,
,,,,,,
,,,,,,
,,,,,,
,,,,,,
,,,,,,
,,,,,,
,,,,,,
,,,,,,
,,,,,,
,,,,,,
,,,,,,
,,,,,,
,,,,,,
,,,,,,
,,,,,,
,,,,,,
,,,,,,
,,,,,,
,,,,,,
,,,,,,
,,,,,,
,,,,,,
,,,,,,
,,,,,,
,,,,,,
,,,,,,
,,,,,,
,,,,,,
,,,,,,
,,,,,,
,,,,,,
,,,,,,
,,,,,,
,,,,,,
,,,,,,
,,,,,,
,,,,,,
,,,,,,
,,,,,,
,,,,,,
,,,,,,
,,,,,,
,,,,,,
,,,,,,
,,,,,,
,,,,,,
,,,,,,
,,,,,,
,,,,,,
,,,,,,
,,,,,,
,,,,,,
,,,,,,
,,,,,,
,,,,,,
,,,,,,
,,,,,,
,,,,,,
,,,,,,
,,,,,,
,,,,,,
,,,,,,
,,,,,,
,,,,,,
,,,,,,
,,,,,,
,,,,,,
,,,,,,
,,,,,,
,,,,,,
,,,,,,
,,,,,,
,,,,,,
,,,,,,
,,,,,,
,,,,,,
,,,,,,
,,,,,,
,,,,,,
,,,,,,
,,,,,,
,,,,,,
,,,,,,
,,,,,,
,,,,,,
,,,,,,
,,,,,,
,,,,,,
,,,,,,
,,,,,,
,,,,,,
,,,,,,
,,,,,,
,,,,,,
,,,,,,
,,,,,,
,,,,,,
,,,,,,
,,,,,,
,,,,,,
,,,,,,
,,,,,,
,,,,,,
,,,,,,
,,,,,,
,,,,,,
,,,,,,
,,,,,,
,,,,,,
,,,,,,
,,,,,,
,,,,,,
,,,,,,
,,,,,,
,,,,,,
,,,,,,
,,,,,,
,,,,,,
,,,,,,
,,,,,,
,,,,,,
,,,,,,
,,,,,,
,,,,,,
,,,,,,
,,,,,,
,,,,,,
,,,,,,
,,,,,,
,,,,,,
,,,,,,
,,,,,,
,,,,,,
,,,,,,
,,,,,,
,,,,,,
,,,,,,
,,,,,,
,,,,,,
,,,,,,
,,,,,,
,,,,,,
,,,,,,
,,,,,,
,,,,,,
,,,,,,
,,,,,,
,,,,,,
,,,,,,
,,,,,,
,,,,,,
,,,,,,
,,,,,,
,,,,,,
,,,,,,
,,,,,,
,,,,,,
,,,,,,
,,,,,,
,,,,,,
,,,,,,
,,,,,,
,,,,,,
,,,,,,
,,,,,,
,,,,,,
,,,,,,
,,,,,,
,,,,,,
,,,,,,
,,,,,,
,,,,,,
,,,,,,
,,,,,,
,,,,,,
,,,,,,
,,,,,,
,,,,,,
,,,,,,
,,,,,,
,,,,,,
,,,,,,
,,,,,,
,,,,,,
,,,,,,
,,,,,,
,,,,,,
,,,,,,
,,,,,,
,,,,,,
,,,,,,
,,,,,,
,,,,,,
,,,,,,
,,,,,,
,,,,,,
,,,,,,
,,,,,,
,,,,,,
,,,,,,
,,,,,,
,,,,,,
,,,,,,
,,,,,,
,,,,,,
,,,,,,
,,,,,,
,,,,,,
,,,,,,
,,,,,,
,,,,,,
,,,,,,
,,,,,,
,,,,,,
,,,,,,
,,,,,,
,,,,,,
,,,,,,
,,,,,,
,,,,,,
,,,,,,
,,,,,,
,,,,,,
,,,,,,
,,,,,,
,,,,,,
,,,,,,
,,,,,,
,,,,,,
,,,,,,
,,,,,,
,,,,,,
,,,,,,
,,,,,,
,,,,,,
,,,,,,
,,,,,,
,,,,,,
,,,,,,
,,,,,,
,,,,,,
,,,,,,
,,,,,,
,,,,,,
,,,,,,
,,,,,,
,,,,,,
,,,,,,
,,,,,,
,,,,,,
,,,,,,
,,,,,,
,,,,,,
,,,,,,
,,,,,,
,,,,,,
,,,,,,
,,,,,,
,,,,,,
,,,,,,
,,,,,,
,,,,,,
,,,,,,
,,,,,,
,,,,,,
,,,,,,
,,,,,,
,,,,,,
,,,,,,
,,,,,,
,,,,,,
,,,,,,
,,,,,,
,,,,,,
,,,,,,
,,,,,,
,,,,,,
,,,,,,
,,,,,,
,,,,,,
,,,,,,
,,,,,,
,,,,,,
,,,,,,
,,,,,,
,,,,,,
,,,,,,
,,,,,,
,,,,,,
,,,,,,
,,,,,,
,,,,,,
,,,,,,
,,,,,,
,,,,,,
,,,,,,
,,,,,,
,,,,,,
,,,,,,
,,,,,,
,,,,,,
,,,,,,
,,,,,,
,,,,,,
,,,,,,
,,,,,,
,,,,,,
,,,,,,
,,,,,,
,,,,,,
,,,,,,
,,,,,,
,,,,,,
,,,,,,
,,,,,,
,,,,,,
,,,,,,
,,,,,,
,,,,,,
,,,,,,
,,,,,,
,,,,,,
,,,,,,
,,,,,,
,,,,,,
,,,,,,
,,,,,,
,,,,,,
,,,,,,
,,,,,,
,,,,,,
,,,,,,
,,,,,,
,,,,,,
,,,,,,
,,,,,,
,,,,,,
,,,,,,
,,,,,,
,,,,,,
,,,,,,
,,,,,,
,,,,,,
,,,,,,
,,,,,,
,,,,,,
,,,,,,
,,,,,,
,,,,,,
,,,,,,
,,,,,,
,,,,,,
,,,,,,
,,,,,,
,,,,,,
,,,,,,
,,,,,,
,,,,,,
,,,,,,
,,,,,,
,,,,,,
,,,,,,
,,,,,,
,,,,,,
,,,,,,
,,,,,,
,,,,,,
,,,,,,
,,,,,,
,,,,,,
,,,,,,
,,,,,,
,,,,,,
,,,,,,
,,,,,,
,,,,,,
,,,,,,
,,,,,,
,,,,,,
,,,,,,
,,,,,,
,,,,,,
,,,,,,
,,,,,,
,,,,,,
,,,,,,
,,,,,,
,,,,,,
,,,,,,
,,,,,,
,,,,,,
,,,,,,
,,,,,,
,,,,,,
,,,,,,
,,,,,,
,,,,,,
,,,,,,
,,,,,,
,,,,,,
,,,,,,
,,,,,,
,,,,,,
,,,,,,
,,,,,,
,,,,,,
,,,,,,
,,,,,,
,,,,,,
,,,,,,
,,,,,,
,,,,,,
,,,,,,
,,,,,,
,,,,,,
,,,,,,
,,,,,,
,,,,,,
,,,,,,
,,,,,,
,,,,,,
,,,,,,
,,,,,,
,,,,,,
,,,,,,
,,,,,,
,,,,,,
,,,,,,
,,,,,,
,,,,,,
,,,,,,
,,,,,,
,,,,,,
,,,,,,
,,,,,,
,,,,,,
,,,,,,
,,,,,,
,,,,,,
,,,,,,
,,,,,,
,,,,,,
,,,,,,
,,,,,,
,,,,,,
,,,,,,
,,,,,,
,,,,,,
,,,,,,
,,,,,,
,,,,,,
,,,,,,
,,,,,,
,,,,,,
,,,,,,
,,,,,,
,,,,,,
,,,,,,
,,,,,,
,,,,,,
,,,,,,
,,,,,,
,,,,,,
,,,,,,
,,,,,,
,,,,,,
,,,,,,
,,,,,,
,,,,,,
,,,,,,
,,,,,,
,,,,,,
,,,,,,
,,,,,,
,,,,,,
,,,,,,
,,,,,,
,,,,,,
,,,,,,
,,,,,,
,,,,,,
,,,,,,
,,,,,,
,,,,,,
,,,,,,
,,,,,,
,,,,,,
,,,,,,
,,,,,,
,,,,,,
,,,,,,
,,,,,,
,,,,,,
,,,,,,
,,,,,,
,,,,,,
,,,,,,
,,,,,,
,,,,,,
,,,,,,
,,,,,,
,,,,,,
,,,,,,
,,,,,,
,,,,,,
,,,,,,
,,,,,,
,,,,,,
,,,,,,
,,,,,,
,,,,,,
,,,,,,
,,,,,,
,,,,,,
,,,,,,
,,,,,,
,,,,,,
,,,,,,
,,,,,,
,,,,,,
,,,,,,
,,,,,,
,,,,,,
,,,,,,
,,,,,,
,,,,,,
,,,,,,
,,,,,,
,,,,,,
,,,,,,
,,,,,,
,,,,,,
,,,,,,
,,,,,,
,,,,,,
,,,,,,
,,,,,,
,,,,,,
,,,,,,
,,,,,,
,,,,,,
,,,,,,
,,,,,,
,,,,,,
,,,,,,
,,,,,,
,,,,,,
,,,,,,
,,,,,,
,,,,,,
,,,,,,
,,,,,,
,,,,,,
,,,,,,
,,,,,,
,,,,,,
,,,,,,
,,,,,,
,,,,,,
,,,,,,
,,,,,,
,,,,,,
,,,,,,
,,,,,,
,,,,,,
,,,,,,
,,,,,,
,,,,,,
,,,,,,
,,,,,,
,,,,,,
,,,,,,
,,,,,,
,,,,,,
,,,,,,
,,,,,,
,,,,,,
,,,,,,
,,,,,,
,,,,,,
,,,,,,
,,,,,,
,,,,,,
,,,,,,
,,,,,,
,,,,,,
,,,,,,
,,,,,,
,,,,,,
,,,,,,
,,,,,,
,,,,,,
,,,,,,
,,,,,,
,,,,,,
,,,,,,
,,,,,,
,,,,,,
,,,,,,
,,,,,,
,,,,,,
,,,,,,
,,,,,,
,,,,,,
,,,,,,
,,,,,,
,,,,,,
,,,,,,
,,,,,,
,,,,,,
,,,,,,
,,,,,,
,,,,,,
,,,,,,
,,,,,,
,,,,,,
,,,,,,
,,,,,,
,,,,,,
,,,,,,
,,,,,,
,,,,,,
,,,,,,
,,,,,,
,,,,,,
,,,,,,
,,,,,,
,,,,,,
,,,,,,
,,,,,,
,,,,,,
,,,,,,
,,,,,,
,,,,,,
,,,,,,
,,,,,,
,,,,,,
,,,,,,
,,,,,,
,,,,,,
,,,,,,
,,,,,,
,,,,,,
,,,,,,
,,,,,,
,,,,,,
,,,,,,
,,,,,,
,,,,,,
,,,,,,
,,,,,,
,,,,,,
,,,,,,
,,,,,,
,,,,,,
,,,,,,
,,,,,,
,,,,,,
,,,,,,
,,,,,,
,,,,,,
,,,,,,
,,,,,,
,,,,,,
,,,,,,
,,,,,,
,,,,,,
,,,,,,
,,,,,,
,,,,,,
,,,,,,
,,,,,,
,,,,,,
,,,,,,
,,,,,,
,,,,,,
,,,,,,
,,,,,,
,,,,,,
,,,,,,
,,,,,,
,,,,,,
,,,,,,
,,,,,,
,,,,,,
,,,,,,
,,,,,,
,,,,,,
,,,,,,
,,,,,,
,,,,,,
,,,,,,
,,,,,,
,,,,,,
,,,,,,
,,,,,,
,,,,,,
,,,,,,
,,,,,,
,,,,,,
,,,,,,
,,,,,,
,,,,,,
,,,,,,
,,,,,,
,,,,,,
,,,,,,
,,,,,,
,,,,,,
,,,,,,
,,,,,,
,,,,,,
,,,,,,
,,,,,,
,,,,,,
,,,,,,
,,,,,,
,,,,,,
,,,,,,
,,,,,,
,,,,,,
,,,,,,
,,,,,,
,,,,,,
,,,,,,
,,,,,,
,,,,,,
,,,,,,
,,,,,,
,,,,,,
,,,,,,
,,,,,,
,,,,,,
,,,,,,
,,,,,,
,,,,,,
,,,,,,
,,,,,,
,,,,,,
,,,,,,
,,,,,,
,,,,,,
,,,,,,
,,,,,,
,,,,,,
,,,,,,
,,,,,,
,,,,,,
,,,,,,
,,,,,,
,,,,,,
,,,,,,
,,,,,,
,,,,,,
,,,,,,
,,,,,,
,,,,,,
,,,,,,
,,,,,,
,,,,,,
,,,,,,
,,,,,,
,,,,,,
,,,,,,
,,,,,,
,,,,,,
,,,,,,
,,,,,,
,,,,,,
,,,,,,
,,,,,,
,,,,,,
,,,,,,
,,,,,,
,,,,,,
,,,,,,
,,,,,,
,,,,,,
,,,,,,
,,,,,,
,,,,,,
,,,,,,
,,,,,,
,,,,,,
,,,,,,
,,,,,,
,,,,,,
,,,,,,
,,,,,,
,,,,,,
,,,,,,
,,,,,,
,,,,,,
,,,,,,
,,,,,,
,,,,,,
,,,,,,
,,,,,,
,,,,,,
,,,,,,
,,,,,,
,,,,,,
,,,,,,
,,,,,,
,,,,,,
,,,,,,
,,,,,,
,,,,,,
,,,,,,
,,,,,,
,,,,,,
,,,,,,
,,,,,,
,,,,,,
,,,,,,
,,,,,,
,,,,,,
,,,,,,
,,,,,,
,,,,,,
,,,,,,
,,,,,,
,,,,,,
,,,,,,
,,,,,,
,,,,,,
,,,,,,
,,,,,,
,,,,,,
,,,,,,
,,,,,,
,,,,,,
,,,,,,
,,,,,,
,,,,,,
,,,,,,
,,,,,,
,,,,,,
,,,,,,
,,,,,,
,,,,,,
,,,,,,
,,,,,,
,,,,,,
,,,,,,
,,,,,,
,,,,,,
,,,,,,
,,,,,,
,,,,,,
,,,,,,
,,,,,,
,,,,,,
,,,,,,
,,,,,,
,,,,,,
,,,,,,
,,,,,,
,,,,,,
,,,,,,
,,,,,,
,,,,,,
,,,,,,
,,,,,,
,,,,,,
,,,,,,
,,,,,,
,,,,,,
,,,,,,
,,,,,,
,,,,,,
,,,,,,
,,,,,,
,,,,,,
,,,,,,
,,,,,,
,,,,,,
,,,,,,
,,,,,,
,,,,,,
,,,,,,
,,,,,,
,,,,,,
,,,,,,
,,,,,,
,,,,,,
,,,,,,
,,,,,,
,,,,,,
,,,,,,
,,,,,,
,,,,,,
,,,,,,
,,,,,,
,,,,,,
,,,,,,
,,,,,,
,,,,,,
,,,,,,
,,,,,,
,,,,,,
,,,,,,
,,,,,,
,,,,,,
,,,,,,
,,,,,,
,,,,,,
,,,,,,
,,,,,,
,,,,,,
,,,,,,
,,,,,,
,,,,,,
,,,,,,
,,,,,,
,,,,,,
,,,,,,
,,,,,,
,,,,,,
,,,,,,
,,,,,,
,,,,,,
,,,,,,
,,,,,,
,,,,,,
,,,,,,
,,,,,,
,,,,,,
,,,,,,
,,,,,,
,,,,,,
,,,,,,
,,,,,,
,,,,,,
,,,,,,
,,,,,,
,,,,,,
,,,,,,
,,,,,,
,,,,,,
,,,,,,
,,,,,,
,,,,,,
,,,,,,
,,,,,,
,,,,,,
,,,,,,
,,,,,,
,,,,,,
,,,,,,
,,,,,,
,,,,,,
,,,,,,
,,,,,,
,,,,,,
,,,,,,
,,,,,,
,,,,,,
,,,,,,
,,,,,,
,,,,,,
,,,,,,
,,,,,,
,,,,,,
,,,,,,
,,,,,,
,,,,,,
,,,,,,
,,,,,,
,,,,,,
,,,,,,
,,,,,,
,,,,,,
,,,,,,
,,,,,,
,,,,,,
,,,,,,
,,,,,,
,,,,,,
,,,,,,
,,,,,,
,,,,,,
,,,,,,
,,,,,,
,,,,,,
,,,,,,
,,,,,,
,,,,,,
,,,,,,
,,,,,,
,,,,,,
,,,,,,
,,,,,,
,,,,,,
,,,,,,
,,,,,,
,,,,,,
,,,,,,
,,,,,,
,,,,,,
,,,,,,
,,,,,,
,,,,,,
,,,,,,
,,,,,,
,,,,,,
,,,,,,
,,,,,,
,,,,,,
,,,,,,
,,,,,,
,,,,,,
,,,,,,
,,,,,,
,,,,,,
,,,,,,
,,,,,,
,,,,,,
,,,,,,
,,,,,,
,,,,,,
,,,,,,
,,,,,,
,,,,,,
,,,,,,
,,,,,,
,,,,,,
,,,,,,
,,,,,,
,,,,,,
,,,,,,
,,,,,,
,,,,,,
,,,,,,
,,,,,,
,,,,,,
,,,,,,
,,,,,,
,,,,,,
,,,,,,
,,,,,,
,,,,,,
,,,,,,
,,,,,,
,,,,,,
,,,,,,
,,,,,,
,,,,,,
,,,,,,
,,,,,,
,,,,,,
,,,,,,
,,,,,,
,,,,,,
,,,,,,
,,,,,,
,,,,,,
,,,,,,
,,,,,,
,,,,,,
,,,,,,
,,,,,,
,,,,,,
,,,,,,
,,,,,,
,,,,,,
,,,,,,
,,,,,,
,,,,,,
,,,,,,
,,,,,,
,,,,,,
,,,,,,
,,,,,,
,,,,,,
,,,,,,
,,,,,,
,,,,,,
,,,,,,
,,,,,,
,,,,,,
,,,,,,
,,,,,,
,,,,,,
,,,,,,
,,,,,,
,,,,,,
,,,,,,
,,,,,,
,,,,,,
,,,,,,
,,,,,,
,,,,,,
,,,,,,
,,,,,,
,,,,,,
,,,,,,
,,,,,,
,,,,,,
,,,,,,
,,,,,,
,,,,,,
,,,,,,
,,,,,,
,,,,,,
,,,,,,
,,,,,,
,,,,,,
,,,,,,
,,,,,,
,,,,,,
,,,,,,
,,,,,,
,,,,,,
,,,,,,
,,,,,,
,,,,,,
,,,,,,
,,,,,,
,,,,,,
,,,,,,
,,,,,,
,,,,,,
,,,,,,
,,,,,,
,,,,,,
,,,,,,
,,,,,,
,,,,,,
,,,,,,
,,,,,,
,,,,,,
,,,,,,
,,,,,,
,,,,,,
,,,,,,
,,,,,,
,,,,,,
,,,,,,
,,,,,,
,,,,,,
,,,,,,
,,,,,,
,,,,,,
,,,,,,
,,,,,,
,,,,,,
,,,,,,
,,,,,,
,,,,,,
,,,,,,
,,,,,,
,,,,,,
,,,,,,
,,,,,,
,,,,,,
,,,,,,
,,,,,,
,,,,,,
,,,,,,
,,,,,,
,,,,,,
,,,,,,
,,,,,,
,,,,,,
,,,,,,
,,,,,,
,,,,,,
,,,,,,
,,,,,,
,,,,,,
,,,,,,
,,,,,,
,,,,,,
,,,,,,
,,,,,,
,,,,,,
,,,,,,
,,,,,,
,,,,,,
,,,,,,
,,,,,,
,,,,,,
,,,,,,
,,,,,,
,,,,,,
,,,,,,
,,,,,,
,,,,,,
,,,,,,
,,,,,,
,,,,,,
,,,,,,
,,,,,,
,,,,,,
,,,,,,
,,,,,,
,,,,,,
,,,,,,
,,,,,,
,,,,,,
,,,,,,
,,,,,,
,,,,,,
,,,,,,
,,,,,,
,,,,,,
,,,,,,
,,,,,,
,,,,,,
,,,,,,
,,,,,,
,,,,,,
,,,,,,
,,,,,,
,,,,,,
,,,,,,
,,,,,,
,,,,,,
,,,,,,
,,,,,,
,,,,,,
,,,,,,
,,,,,,
,,,,,,
,,,,,,
,,,,,,
,,,,,,
,,,,,,
,,,,,,
,,,,,,
,,,,,,
,,,,,,
,,,,,,
,,,,,,
,,,,,,
,,,,,,
,,,,,,
,,,,,,
,,,,,,
,,,,,,
,,,,,,
,,,,,,
,,,,,,
,,,,,,
,,,,,,
,,,,,,
,,,,,,
,,,,,,
,,,,,,
,,,,,,
,,,,,,
,,,,,,
,,,,,,
,,,,,,
,,,,,,
,,,,,,
,,,,,,
,,,,,,
,,,,,,
,,,,,,
,,,,,,
,,,,,,
,,,,,,
,,,,,,
,,,,,,
,,,,,,
,,,,,,
,,,,,,
,,,,,,
,,,,,,
,,,,,,
,,,,,,
,,,,,,
,,,,,,
,,,,,,
,,,,,,
,,,,,,
,,,,,,
,,,,,,
,,,,,,
,,,,,,
,,,,,,
,,,,,,
,,,,,,
,,,,,,
,,,,,,
,,,,,,
,,,,,,
,,,,,,
,,,,,,
,,,,,,
,,,,,,
,,,,,,
,,,,,,
,,,,,,
,,,,,,
,,,,,,
,,,,,,
,,,,,,
,,,,,,
,,,,,,
,,,,,,
,,,,,,
,,,,,,
,,,,,,
,,,,,,
,,,,,,
,,,,,,
,,,,,,
,,,,,,
,,,,,,
,,,,,,
,,,,,,
,,,,,,
,,,,,,
,,,,,,
,,,,,,
,,,,,,
,,,,,,
,,,,,,
,,,,,,
,,,,,,
,,,,,,
,,,,,,
,,,,,,
,,,,,,
,,,,,,
,,,,,,
,,,,,,
,,,,,,
,,,,,,
,,,,,,
,,,,,,
,,,,,,
,,,,,,
,,,,,,
,,,,,,
,,,,,,
,,,,,,
,,,,,,
,,,,,,
,,,,,,
,,,,,,
,,,,,,
,,,,,,
,,,,,,
,,,,,,
,,,,,,
,,,,,,
,,,,,,
,,,,,,
,,,,,,
,,,,,,
,,,,,,
,,,,,,
,,,,,,
,,,,,,
,,,,,,
,,,,,,
,,,,,,
,,,,,,
,,,,,,
,,,,,,
,,,,,,
,,,,,,
,,,,,,
,,,,,,
,,,,,,
,,,,,,
,,,,,,
,,,,,,
,,,,,,
,,,,,,
,,,,,,
,,,,,,
,,,,,,
,,,,,,
,,,,,,
,,,,,,
,,,,,,
,,,,,,
,,,,,,
,,,,,,
,,,,,,
,,,,,,
,,,,,,
,,,,,,
,,,,,,
,,,,,,
,,,,,,
,,,,,,
,,,,,,
,,,,,,
,,,,,,
,,,,,,
,,,,,,
,,,,,,
,,,,,,
,,,,,,
,,,,,,
,,,,,,
,,,,,,
,,,,,,
,,,,,,
,,,,,,
,,,,,,
,,,,,,
,,,,,,
,,,,,,
,,,,,,
,,,,,,
,,,,,,
,,,,,,
,,,,,,
,,,,,,
,,,,,,
,,,,,,
,,,,,,
,,,,,,
,,,,,,
,,,,,,
,,,,,,
,,,,,,
,,,,,,
,,,,,,
,,,,,,
,,,,,,
,,,,,,
,,,,,,
,,,,,,
,,,,,,
,,,,,,
,,,,,,
,,,,,,
,,,,,,
,,,,,,
,,,,,,
,,,,,,
,,,,,,
,,,,,,
,,,,,,
,,,,,,
,,,,,,
,,,,,,
,,,,,,
,,,,,,
,,,,,,
,,,,,,
,,,,,,
,,,,,,
,,,,,,
,,,,,,
,,,,,,
,,,,,,
,,,,,,
,,,,,,
,,,,,,
,,,,,,
,,,,,,
,,,,,,
,,,,,,
,,,,,,
,,,,,,
,,,,,,
,,,,,,
,,,,,,
,,,,,,
,,,,,,
,,,,,,
,,,,,,
,,,,,,
,,,,,,
,,,,,,
,,,,,,
,,,,,,
,,,,,,
,,,,,,
,,,,,,
,,,,,,
,,,,,,
,,,,,,
,,,,,,
,,,,,,
,,,,,,
,,,,,,
,,,,,,
,,,,,,
,,,,,,
,,,,,,
,,,,,,
,,,,,,
,,,,,,
,,,,,,
,,,,,,
,,,,,,
,,,,,,
,,,,,,
,,,,,,
,,,,,,
,,,,,,
,,,,,,
,,,,,,
,,,,,,
,,,,,,
,,,,,,
,,,,,,
,,,,,,
,,,,,,
,,,,,,
,,,,,,
,,,,,,
,,,,,,
,,,,,,
,,,,,,
,,,,,,
,,,,,,
,,,,,,
,,,,,,
,,,,,,
,,,,,,
,,,,,,
,,,,,,
,,,,,,
,,,,,,
,,,,,,
,,,,,,
,,,,,,
,,,,,,
,,,,,,
,,,,,,
,,,,,,
,,,,,,
,,,,,,
,,,,,,
,,,,,,
,,,,,,
,,,,,,
,,,,,,
,,,,,,
,,,,,,
,,,,,,
,,,,,,
,,,,,,
,,,,,,
,,,,,,
,,,,,,
,,,,,,
,,,,,,
,,,,,,
,,,,,,
,,,,,,
,,,,,,
,,,,,,
,,,,,,
,,,,,,
,,,,,,
,,,,,,
,,,,,,
,,,,,,
,,,,,,
,,,,,,
,,,,,,
,,,,,,
,,,,,,
,,,,,,
,,,,,,
,,,,,,
,,,,,,
,,,,,,
,,,,,,
,,,,,,
,,,,,,
,,,,,,
,,,,,,
,,,,,,
,,,,,,
,,,,,,
,,,,,,
,,,,,,
,,,,,,
,,,,,,
,,,,,,
,,,,,,
,,,,,,
,,,,,,
,,,,,,
,,,,,,
,,,,,,
,,,,,,
,,,,,,
,,,,,,
,,,,,,
,,,,,,
,,,,,,
,,,,,,
,,,,,,
,,,,,,
,,,,,,
,,,,,,
,,,,,,
,,,,,,
,,,,,,
,,,,,,
,,,,,,
,,,,,,
,,,,,,
,,,,,,
,,,,,,
,,,,,,
,,,,,,
,,,,,,
,,,,,,
,,,,,,
,,,,,,
,,,,,,
,,,,,,
,,,,,,
,,,,,,
,,,,,,
,,,,,,
,,,,,,
,,,,,,
,,,,,,
